Data,Otwarcie,Najwyzszy,Najnizszy,Zamkniecie,Wolumen
2015-01-02,3.5,3.5,3.5,3.5,9305
2015-01-05,4,4,3.5,3.5,13839
2015-01-07,3.5,4,3.5,4,7139
2015-01-08,4,4,4,4,15619
2015-01-09,4,4,4,4,130865
2015-01-12,4.5,5,4.5,5,183198
2015-01-13,5,5,5,5,66739
2015-01-14,5,5,5,5,20406
2015-01-15,5,5,4.5,4.5,120477
2015-01-16,4,4.5,4,4.5,18216
2015-01-19,4,4.5,4,4.5,20068
2015-01-20,4.5,4.5,4.5,4.5,21991
2015-01-21,4.5,4.5,4.5,4.5,70183
2015-01-22,4.5,4.5,4.5,4.5,11670
2015-01-23,4,4.5,4,4.5,11430
2015-01-26,4.5,4.5,4,4,6524
2015-01-27,4,4.5,4,4.5,12988
2015-01-28,4,4,4,4,7631
2015-01-29,4.5,4.5,4.5,4.5,7650
2015-01-30,4,4.5,4,4.5,4916
2015-02-02,4.5,4.5,4,4,4230
2015-02-03,4,4.5,4,4.5,6121
2015-02-04,4.5,4.5,4.5,4.5,6389
2015-02-05,4.5,4.5,4.5,4.5,4740
2015-02-06,4.5,4.5,4.5,4.5,11162
2015-02-09,4,4.5,4,4.5,6275
2015-02-10,4,4,4,4,2244
2015-02-11,4,4,4,4,16203
2015-02-12,4.5,4.5,4.5,4.5,21132
2015-02-13,4.5,4.5,4.5,4.5,16697
2015-02-16,4.5,4.5,4.5,4.5,133200
2015-02-17,5,5,4.5,4.5,43642
2015-02-18,4.5,4.5,4.5,4.5,61042
2015-02-19,4.5,4.5,4.5,4.5,21143
2015-02-20,4.5,4.5,4.5,4.5,21238
2015-02-23,4.5,4.5,4.5,4.5,53460
2015-02-24,4.5,4.5,4.5,4.5,79686
2015-02-25,4.5,4.5,4.5,4.5,20175
2015-02-26,4.5,4.5,4.5,4.5,20273
2015-02-27,4.5,4.5,4.5,4.5,10707
2015-03-02,4.5,4.5,4,4,8469
2015-03-03,4.5,4.5,4.5,4.5,28218
2015-03-04,4.5,4.5,4,4,4535
2015-03-05,4.5,4.5,4.5,4.5,8195
2015-03-06,4.5,4.5,4.5,4.5,14898
2015-03-09,4.5,4.5,4.5,4.5,32403
2015-03-10,4.5,4.5,4.5,4.5,9132
2015-03-11,5,5,4.5,4.5,41813
2015-03-12,4.5,4.5,4.5,4.5,26220
2015-03-13,4.5,4.5,4.5,4.5,8867
2015-03-16,4.5,4.5,4,4,5612
2015-03-17,4.5,4.5,4.5,4.5,6969
2015-03-18,4.5,4.5,4.5,4.5,7576
2015-03-19,4,4,4,4,69566
2015-03-20,3,3,2,2,3120830
2015-03-23,2.5,2.5,2.5,2.5,2325406
2015-03-24,3,3,3,3,984860
2015-03-25,3.5,3.5,3.5,3.5,740631
2015-03-26,3.5,3.5,3,3,587694
2015-03-27,3,3.5,3,3.5,206078
2015-03-30,3.5,3.5,3,3,432895
2015-03-31,3,3.5,3,3.5,195423
2015-04-01,3.5,3.5,3.5,3.5,62616
2015-04-02,3,3.5,3,3.5,57531
2015-04-07,3.5,3.5,3.5,3.5,561214
2015-04-08,4,4,3.5,3.5,409330
2015-04-09,3.5,3.5,3.5,3.5,704702
2015-04-10,3.5,3.5,3.5,3.5,110249
2015-04-13,3.5,3.5,3.5,3.5,337686
2015-04-14,3.5,3.5,3.5,3.5,316591
2015-04-15,3.5,3.5,3.5,3.5,499408
2015-04-16,3.5,3.5,3.5,3.5,159771
2015-04-17,4,4,3.5,3.5,101368
2015-04-20,4,4,4,4,189131
2015-04-21,4,4.5,4,4.5,457955
2015-04-22,4.5,4.5,4,4,191875
2015-04-23,4.5,4.5,4.5,4.5,72581
2015-04-24,4.5,4.5,4.5,4.5,51605
2015-04-27,4.5,4.5,4.5,4.5,143197
2015-04-28,4,4.5,4,4.5,43518
2015-04-29,4,4.5,4,4.5,51665
2015-04-30,4.5,4.5,4.5,4.5,62611
2015-05-04,4.5,5,4.5,5,345986
2015-05-05,4.5,5,4.5,5,42156
2015-05-06,5,5,5,5,38442
2015-05-07,5,5,4.5,4.5,32691
2015-05-08,5,5,5,5,43785
2015-05-11,5,5,5,5,109268
2015-05-12,5,5,5,5,165313
2015-05-13,5,5,5,5,599436
2015-05-14,5.5,5.5,5.5,5.5,147308
2015-05-15,5.5,5.5,5.5,5.5,586727
2015-05-18,5.5,5.5,5,5,240933
2015-05-19,5.5,5.5,5.5,5.5,26463
2015-05-20,5,5,5,5,49014
2015-05-21,5,5,5,5,317597
2015-05-22,5,5.5,5,5.5,59740
2015-05-25,5,5,5,5,17439
2015-05-26,5,5,5,5,24546
2015-05-27,5,5,5,5,145975
2015-05-28,5,5,5,5,59504
2015-05-29,5,5,5,5,32738
2015-06-01,5,5,4.5,4.5,46986
2015-06-02,4.5,5,4.5,5,55937
2015-06-03,5,5,4.5,4.5,29405
2015-06-05,5,5,4.5,4.5,21103
2015-06-08,4.5,4.5,4.5,4.5,43291
2015-06-09,5,5,4.5,4.5,30603
2015-06-10,5,5,5,5,35418
2015-06-11,4.5,4.5,4.5,4.5,29537
2015-06-12,4.5,5,4.5,5,11460
2015-06-15,5,5,5,5,16024
2015-06-16,5,5,5,5,20779
2015-06-17,5,5,5,5,15514
2015-06-18,4.5,4.5,4.5,4.5,84307
2015-06-19,4.5,4.5,4.5,4.5,20475
2015-06-22,4.5,4.5,4.5,4.5,19208
2015-06-23,5,5,5,5,11855
2015-06-24,4.5,4.5,4.5,4.5,228790
2015-06-25,4,4.5,4,4.5,34133
2015-06-26,4.5,4.5,4,4,11566
2015-06-29,4.5,4.5,4.5,4.5,22863
2015-06-30,4.5,4.5,4.5,4.5,21369
2015-07-01,4.5,4.5,4.5,4.5,16114
2015-07-02,4.5,4.5,4.5,4.5,54951
2015-07-03,4.5,4.5,4.5,4.5,25080
2015-07-06,4.5,4.5,4.5,4.5,9288
2015-07-07,4.5,4.5,4.5,4.5,80750
2015-07-08,4.5,4.5,4.5,4.5,95410
2015-07-09,4.5,4.5,4.5,4.5,18934
2015-07-10,4.5,4.5,4.5,4.5,14297
2015-07-13,4.5,4.5,4.5,4.5,32333
2015-07-14,4.5,4.5,4,4,22711
2015-07-15,4.5,4.5,4,4,17328
2015-07-16,4.5,4.5,4,4,24065
2015-07-17,4,4.5,4,4.5,263728
2015-07-20,4.5,4.5,4.5,4.5,58377
2015-07-21,4,4,4,4,6495
2015-07-22,4,4.5,4,4.5,129694
2015-07-23,4.5,4.5,4.5,4.5,26850
2015-07-24,4.5,4.5,4.5,4.5,38876
2015-07-27,4.5,4.5,4.5,4.5,13109
2015-07-28,4.5,4.5,4.5,4.5,16518
2015-07-29,4.5,4.5,4.5,4.5,6634
2015-07-30,4.5,4.5,4.5,4.5,9618
2015-07-31,4.5,4.5,4.5,4.5,13925
2015-08-03,4.5,4.5,4.5,4.5,9785
2015-08-04,4.5,4.5,4.5,4.5,31214
2015-08-05,5,5,5,5,18926
2015-08-06,5,5,4.5,4.5,208679
2015-08-07,4.5,4.5,4.5,4.5,13161
2015-08-10,4.5,4.5,4.5,4.5,25459
2015-08-11,4.5,4.5,4.5,4.5,21038
2015-08-12,4.5,4.5,4.5,4.5,112252
2015-08-13,4.5,4.5,4,4,17560
2015-08-14,4,4.5,4,4.5,196572
2015-08-17,4.5,4.5,4.5,4.5,9639
2015-08-18,4,4.5,4,4.5,17193
2015-08-19,4.5,4.5,4,4,13700
2015-08-20,4.5,4.5,4.5,4.5,14913
2015-08-21,4.5,4.5,4,4,16598
2015-08-24,4.5,4.5,4,4,215504
2015-08-25,4,4.5,4,4.5,44602
2015-08-26,4,4.5,4,4.5,14036
2015-08-27,4,4.5,4,4.5,36622
2015-08-28,4.5,4.5,4.5,4.5,338159
2015-08-31,5,5,5,5,503003
2015-09-01,5.5,5.5,5.5,5.5,210936
2015-09-02,5.5,5.5,5.5,5.5,384941
2015-09-03,5.5,5.5,5.5,5.5,30059
2015-09-04,5.5,5.5,5.5,5.5,60583
2015-09-07,5,5,5,5,38376
2015-09-08,5.5,5.5,5.5,5.5,41964
2015-09-09,5,5,5,5,23246
2015-09-10,5.5,5.5,5.5,5.5,22817
2015-09-11,5,5.5,5,5.5,46285
2015-09-14,5.5,5.5,5.5,5.5,71552
2015-09-15,5.5,5.5,5.5,5.5,71296
2015-09-16,5.5,5.5,5.5,5.5,42946
2015-09-17,5.5,5.5,5.5,5.5,49387
2015-09-18,5.5,5.5,5.5,5.5,187475
2015-09-21,5.5,5.5,5,5,113658
2015-09-22,5.5,5.5,5.5,5.5,449057
2015-09-23,6,6.5,6,6.5,953840
2015-09-24,6.5,6.5,6,6,245826
2015-09-25,6.5,6.5,6.5,6.5,55479
2015-09-28,6.5,6.5,6,6,42939
2015-09-29,6,6.5,6,6.5,66351
2015-09-30,6,6,6,6,320462
2015-10-14,6.3,6.3,6.2,6.2,434082
2015-10-15,6,6,6,6,399578
2015-10-16,5.8,5.86,5.8,5.86,60110
2015-10-19,5.87,5.87,5.84,5.84,31413
2015-10-20,5.78,5.78,5.61,5.61,136512
2015-10-21,5.51,5.51,5.5,5.5,93076
2015-10-22,5.5,5.51,5.5,5.51,53107
2015-10-23,5.62,5.75,5.62,5.75,244614
2015-10-26,5.75,5.75,5.67,5.67,21575
2015-10-27,5.64,5.64,5.6,5.6,25213
2015-10-28,5.59,5.59,5.59,5.59,13321
2015-10-29,5.62,5.62,5.59,5.59,12966
2015-10-30,5.62,5.72,5.62,5.72,35939
2015-11-02,5.76,5.76,5.76,5.76,56353
2015-11-03,5.75,5.75,5.73,5.73,38258
2015-11-04,5.73,5.73,5.6,5.6,18016
2015-11-05,5.62,5.62,5.61,5.61,41250
2015-11-06,5.6,5.6,5.6,5.6,42211
2015-11-09,5.58,5.58,5.55,5.55,20308
2015-11-10,5.6,5.6,5.6,5.6,108727
2015-11-12,5.61,5.65,5.61,5.65,40780
2015-11-13,5.76,5.76,5.76,5.76,45715
2015-11-16,5.8,5.8,5.78,5.78,280695
2015-11-17,5.7,5.7,5.7,5.7,72179
2015-11-18,5.75,5.75,5.65,5.65,110526
2015-11-19,5.75,5.75,5.7,5.7,213058
2015-11-20,5.76,5.76,5.71,5.71,82588
2015-11-23,5.71,5.71,5.68,5.68,75286
2015-11-24,5.6,5.6,5.6,5.6,65824
2015-11-25,5.55,5.55,5.5,5.5,53229
2015-11-26,5.47,5.47,5.47,5.47,40576
2015-11-27,5.4,5.4,5.4,5.4,52446
2015-11-30,5.6,5.63,5.6,5.63,54977
2015-12-01,5.65,5.65,5.65,5.65,16524
2015-12-02,5.65,5.65,5.43,5.43,13862
2015-12-03,5.45,5.55,5.45,5.55,12722
2015-12-04,5.42,5.5,5.42,5.5,54739
2015-12-07,5.49,5.49,5.42,5.42,24133
2015-12-08,5.15,5.2,5.15,5.2,176757
2015-12-09,5.23,5.24,5.23,5.24,286060
2015-12-10,5.31,5.35,5.31,5.35,42074
2015-12-11,5.39,5.39,5.39,5.39,67769
2015-12-14,5.26,5.27,5.26,5.27,62840
2015-12-15,5.24,5.3,5.24,5.3,58189
2015-12-16,5.4,5.45,5.4,5.45,140878
2015-12-17,5.6,5.7,5.6,5.7,75492
2015-12-18,5.68,5.69,5.68,5.69,80026
2015-12-21,5.6,5.62,5.6,5.62,144671
2015-12-22,5.63,5.63,5.62,5.62,46257
2015-12-23,5.66,5.66,5.65,5.65,51301
2015-12-28,5.66,5.66,5.63,5.63,60524
2015-12-29,5.7,5.78,5.7,5.78,216974
2015-12-30,5.78,5.78,5.76,5.76,107303
2016-01-04,5.74,5.78,5.6,5.69,123339
2016-01-05,5.7,5.75,5.56,5.56,42000
2016-01-07,5.37,5.45,5.05,5.35,160325
2016-01-08,5.38,5.47,5.2,5.33,88058
2016-01-11,5.32,5.33,5.03,5.09,78826
2016-01-12,5.05,5.15,5.04,5.12,63431
2016-01-13,5.06,5.14,4.88,4.94,340819
2016-01-14,4.93,4.93,4.54,4.77,222850
2016-01-15,4.52,4.85,4.52,4.71,124371
2016-01-18,4.66,4.78,4.65,4.71,79026
2016-01-19,4.8,4.93,4.76,4.9,47642
2016-01-20,4.86,4.86,4.73,4.85,30480
2016-01-21,4.85,4.9,4.75,4.85,36310
2016-01-22,4.85,4.93,4.83,4.9,28682
2016-01-25,4.83,4.9,4.76,4.8,36437
2016-01-26,4.75,4.75,4.54,4.6,428848
2016-01-27,4.6,4.65,4.58,4.62,31334
2016-01-28,4.61,4.7,4.6,4.62,15162
2016-01-29,4.61,4.68,4.61,4.68,59235
2016-02-01,4.65,4.73,4.6,4.73,49368
2016-02-02,4.72,4.75,4.65,4.7,27445
2016-02-03,4.72,4.74,4.6,4.74,20703
2016-02-04,4.67,4.73,4.6,4.7,44885
2016-02-05,4.69,4.69,4.6,4.67,44119
2016-02-08,4.63,4.69,4.62,4.65,21167
2016-02-09,4.65,4.67,4.6,4.66,55644
2016-02-10,4.66,4.66,4.6,4.6,31882
2016-02-11,4.6,4.6,4.34,4.4,143401
2016-02-12,4.31,4.37,4.22,4.34,63812
2016-02-15,4.44,4.65,4.36,4.57,98695
2016-02-16,4.64,4.65,4.57,4.6,22594
2016-02-17,4.57,4.69,4.55,4.62,42732
2016-02-18,4.58,4.62,4.57,4.6,44239
2016-02-19,4.62,4.67,4.6,4.62,55974
2016-02-22,4.63,4.81,4.63,4.8,72037
2016-02-23,4.75,4.79,4.7,4.73,59290
2016-02-24,4.75,4.79,4.63,4.71,56224
2016-02-25,4.71,4.78,4.65,4.77,37245
2016-02-26,4.78,5.13,4.76,4.94,184372
2016-02-29,5.07,5.18,5,5.15,140388
2016-03-01,5.2,5.23,5.01,5.08,65879
2016-03-02,5.08,5.13,5.02,5.07,36183
2016-03-03,5.07,5.12,5.02,5.12,27991
2016-03-04,5.11,5.17,5.04,5.04,61635
2016-03-07,5.09,5.12,5,5.1,112085
2016-03-08,5.09,5.14,5.03,5.03,26474
2016-03-09,5.03,5.08,4.95,4.98,53030
2016-03-10,5.02,5.05,4.95,5.01,13752
2016-03-11,4.99,5.05,4.93,5,37254
2016-03-14,5,5.01,4.8,4.94,91776
2016-03-15,4.86,5.12,4.85,4.95,94346
2016-03-16,4.96,5.09,4.95,5.03,62919
2016-03-17,5.01,5.1,4.9,5.08,64369
2016-03-18,5.12,5.33,5.09,5.28,220548
2016-03-21,5.3,5.3,4.91,5.01,325315
2016-03-22,4.98,4.98,4.65,4.76,327638
2016-03-23,4.73,4.87,4.69,4.7,198037
2016-03-24,4.77,4.8,4.67,4.78,88023
2016-03-29,4.76,4.87,4.71,4.87,69888
2016-03-30,4.85,5.02,4.83,5,101357
2016-03-31,5.05,5.23,5.02,5.2,212266
2016-04-01,5.18,5.29,5.05,5.15,154638
2016-04-04,5.12,5.15,4.97,5.05,84971
2016-04-05,5,5.14,4.96,5.1,219803
2016-04-06,5.1,5.28,5.1,5.26,147258
2016-04-07,5.26,5.58,5.26,5.58,342774
2016-04-08,5.61,5.81,5.45,5.45,486548
2016-04-11,5.45,5.69,5.4,5.49,116607
2016-04-12,5.5,5.5,5.23,5.23,241205
2016-04-13,5.3,5.4,5.16,5.3,131229
2016-04-14,5.38,5.46,5.3,5.44,70834
2016-04-15,5.44,5.58,5.23,5.42,188236
2016-04-18,5.29,5.39,5.27,5.39,47775
2016-04-19,5.38,5.4,5.33,5.35,91892
2016-04-20,5.39,5.52,5.21,5.22,538701
2016-04-21,5.25,5.32,5.2,5.24,68326
2016-04-22,5.2,5.36,5.16,5.22,53998
2016-04-25,5.18,5.2,5.12,5.2,47972
2016-04-26,5.14,5.17,5.08,5.13,56517
2016-04-27,5.13,5.13,4.97,5.06,282707
2016-04-28,5.1,5.2,5,5.17,47055
2016-04-29,5.2,5.24,5.15,5.2,49366
2016-05-02,5.18,5.2,5.1,5.2,37497
2016-05-04,5.18,5.26,5.04,5.22,58845
2016-05-05,5.24,5.24,5.11,5.11,19187
2016-05-06,5.11,5.2,5.09,5.19,42976
2016-05-09,5.17,5.27,5.11,5.16,62642
2016-05-10,5.25,5.25,5.1,5.15,20449
2016-05-11,5.12,5.17,5.08,5.09,24678
2016-05-12,5.08,5.16,5.04,5.16,78065
2016-05-13,5.15,5.15,5.1,5.15,10235
2016-05-16,5.27,5.27,5.18,5.2,174340
2016-05-17,5.17,5.25,5.14,5.17,57556
2016-05-18,5.08,5.17,5.08,5.15,64912
2016-05-19,5.1,5.2,5.08,5.16,55906
2016-05-20,5.15,5.2,5.12,5.12,21442
2016-05-23,5.14,5.2,5.08,5.18,50253
2016-05-24,5.17,5.17,5.06,5.08,24166
2016-05-25,5.08,5.13,5.06,5.13,20338
2016-05-27,5.12,5.13,5,5.06,54087
2016-05-30,5.06,5.06,5,5.03,43078
2016-05-31,5.01,5.07,5,5.05,62042
2016-06-01,5,5.06,4.05,4.27,668725
2016-06-02,4.24,4.4,4.15,4.19,184790
2016-06-03,4.19,4.23,4.14,4.22,142869
2016-06-06,4.2,4.2,3.81,4.08,207332
2016-06-07,4.09,4.09,3.93,4,47845
2016-06-08,3.99,3.99,3.8,3.9,236732
2016-06-09,3.84,3.85,3.7,3.77,219894
2016-06-10,3.77,3.85,3.72,3.75,173572
2016-06-13,3.75,3.83,3.71,3.78,25784
2016-06-14,3.79,3.79,3.42,3.64,233407
2016-06-15,3.71,3.72,3.57,3.6,96287
2016-06-16,3.57,3.57,3.39,3.39,170976
2016-06-17,3.38,3.45,3.1,3.25,287324
2016-06-20,3.27,3.68,3.27,3.65,247538
2016-06-21,3.6,3.69,3.51,3.62,53378
2016-06-22,3.67,3.94,3.65,3.94,147978
2016-06-23,3.92,3.99,3.83,3.94,97105
2016-06-24,3.53,3.87,3.47,3.83,313145
2016-06-27,3.88,3.95,3.81,3.89,31370
2016-06-28,3.9,4.2,3.87,4.19,143143
2016-06-29,4.2,4.35,4.19,4.2,113100
2016-06-30,4.28,4.29,4.12,4.17,58984
2016-07-01,4.11,4.24,4.11,4.15,25737
2016-07-04,4.13,4.18,4.05,4.17,26781
2016-07-05,4.17,4.17,4.11,4.17,14948
2016-07-06,4.15,4.25,4.07,4.1,68293
2016-07-07,4.1,4.19,4.08,4.18,32066
2016-07-08,4.18,4.2,4.13,4.2,13063
2016-07-11,4.21,4.39,4.21,4.34,49719
2016-07-12,4.37,4.44,4.2,4.28,41912
2016-07-13,4.28,4.3,4.17,4.24,33181
2016-07-14,4.18,4.3,4.13,4.22,71134
2016-07-15,4.25,4.28,4.15,4.22,48013
2016-07-18,4.24,4.25,4.18,4.22,15831
2016-07-19,4.22,4.27,4.16,4.24,20007
2016-07-20,4.19,4.28,4.17,4.21,29905
2016-07-21,4.18,4.24,4.14,4.17,57324
2016-07-22,4.2,4.24,4.09,4.16,70495
2016-07-25,4.15,4.26,4.15,4.24,30048
2016-07-26,4.22,4.25,4.12,4.21,57612
2016-07-27,4.21,4.21,3.82,3.98,157798
2016-07-28,4,4,3.82,3.89,109299
2016-07-29,3.89,3.89,3.78,3.82,63585
2016-08-01,3.82,4.04,3.8,3.93,97013
2016-08-02,3.99,4.08,3.9,3.9,157451
2016-08-03,3.91,3.98,3.91,3.96,31028
2016-08-04,3.96,3.99,3.94,3.96,15285
2016-08-05,3.99,4.03,3.94,3.98,29300
2016-08-08,3.98,3.98,3.87,3.9,83220
2016-08-09,3.93,3.93,3.7,3.71,150888
2016-08-10,3.7,3.7,3.59,3.61,92647
2016-08-11,3.65,3.85,3.57,3.85,123206
2016-08-12,3.85,3.91,3.72,3.79,87406
2016-08-16,3.72,3.83,3.72,3.74,66705
2016-08-17,3.73,3.78,3.72,3.74,16584
2016-08-18,3.78,3.78,3.64,3.67,48237
2016-08-19,3.7,3.84,3.68,3.84,140761
2016-08-22,3.85,3.89,3.76,3.8,68343
2016-08-23,3.8,3.84,3.76,3.78,74329
2016-08-24,3.81,3.81,3.72,3.75,85609
2016-08-25,3.78,3.78,3.7,3.7,23775
2016-08-26,3.69,3.75,3.6,3.64,64495
2016-08-29,3.6,3.6,3.36,3.52,236746
2016-08-30,3.5,3.6,3.44,3.57,111264
2016-08-31,3.52,3.69,3.5,3.63,66651
2016-09-01,3.61,3.68,3.57,3.61,74235
2016-09-02,3.6,3.65,3.5,3.6,29897
2016-09-05,3.61,3.61,3.45,3.56,95295
2016-09-06,3.55,3.63,3.48,3.58,45080
2016-09-07,3.61,3.87,3.61,3.8,128385
2016-09-08,3.81,3.88,3.78,3.78,72412
2016-09-09,3.78,3.82,3.65,3.82,56045
2016-09-12,3.8,3.8,3.68,3.79,32112
2016-09-13,3.7,3.83,3.66,3.8,17540
2016-09-14,3.8,3.81,3.7,3.72,28009
2016-09-15,3.8,4,3.8,3.99,238779
2016-09-16,3.99,4.34,3.99,4.18,491022
2016-09-19,4.21,4.27,4.01,4.09,98299
2016-09-20,4.13,4.2,4.05,4.1,37956
2016-09-21,4.1,4.15,3.98,4.08,65045
2016-09-22,4.08,4.12,4,4.07,45534
2016-09-23,4.02,4.07,4.01,4.04,11370
2016-09-26,4.06,4.06,3.81,3.85,81509
2016-09-27,3.81,3.85,3.75,3.8,38797
2016-09-28,3.79,3.8,3.7,3.72,39828
2016-09-29,3.79,3.85,3.68,3.78,33640
2016-09-30,3.78,3.78,3.69,3.78,33637
2016-10-03,3.77,3.79,3.7,3.73,17376
2016-10-04,3.73,3.86,3.73,3.86,63314
2016-10-05,3.86,3.87,3.78,3.81,27100
2016-10-06,3.78,3.86,3.78,3.82,30290
2016-10-07,3.84,3.85,3.78,3.78,8361
2016-10-10,3.77,3.84,3.77,3.81,23087
2016-10-11,3.77,3.81,3.73,3.77,41114
2016-10-12,3.76,3.77,3.68,3.75,18146
2016-10-13,3.79,3.88,3.78,3.81,83605
2016-10-14,3.81,3.85,3.78,3.82,13987
2016-10-17,3.78,3.82,3.75,3.75,11524
2016-10-18,3.74,3.77,3.72,3.72,38342
2016-10-19,3.75,3.75,3.7,3.72,33634
2016-10-20,3.75,3.8,3.74,3.79,16848
2016-10-21,3.76,3.79,3.72,3.76,21769
2016-10-24,3.76,3.77,3.72,3.76,8263
2016-10-25,3.78,3.81,3.75,3.79,19676
2016-10-26,3.79,3.8,3.73,3.74,20001
2016-10-27,3.74,3.78,3.72,3.74,42882
2016-10-28,3.76,3.76,3.72,3.75,14055
2016-10-31,3.72,3.81,3.51,3.71,105043
2016-11-02,3.67,3.67,3.57,3.63,49907
2016-11-03,3.57,3.63,3.57,3.62,10339
2016-11-04,3.62,3.62,3.57,3.57,21385
2016-11-07,3.57,3.59,3.51,3.52,33483
2016-11-08,3.5,3.57,3.5,3.53,20983
2016-11-09,3.49,3.49,3.36,3.44,138859
2016-11-10,3.5,3.5,3.4,3.42,57553
2016-11-14,3.53,3.53,3.36,3.36,91195
2016-11-15,3.43,3.43,3.31,3.32,39719
2016-11-16,3.3,3.42,3.3,3.42,49634
2016-11-17,3.4,3.46,3.35,3.4,53263
2016-11-18,3.25,3.42,3.25,3.37,51840
2016-11-21,3.38,3.4,3.29,3.37,20433
2016-11-22,3.37,3.46,3.32,3.42,77766
2016-11-23,3.45,3.51,3.43,3.51,48815
2016-11-24,3.53,3.68,3.41,3.41,445026
2016-11-25,3.3,3.37,3.12,3.19,432622
2016-11-28,3.16,3.17,3.02,3.1,350087
2016-11-29,3.08,3.15,2.9,2.9,327085
2016-11-30,2.89,2.96,2.75,2.89,241641
2016-12-01,2.91,3.01,2.89,2.92,164613
2016-12-02,2.89,2.91,2.81,2.84,56233
2016-12-05,2.9,2.94,2.85,2.94,49248
2016-12-06,2.95,2.98,2.91,2.97,64308
2016-12-07,3.11,3.95,3.11,3.84,2218744
2016-12-08,4.1,4.18,3.8,3.89,1608985
2016-12-09,3.85,3.85,3.6,3.67,545337
2016-12-12,3.75,3.75,3.56,3.65,320358
2016-12-13,3.69,3.95,3.53,3.63,1064836
2016-12-14,3.6,3.71,3.54,3.6,248086
2016-12-15,3.56,3.6,3.4,3.47,415464
2016-12-16,3.47,3.55,3.44,3.52,86213
2016-12-19,3.5,3.53,3.41,3.45,155999
2016-12-20,3.42,3.44,3.29,3.35,359887
2016-12-21,3.35,3.5,3.31,3.4,1293195
2016-12-22,3.45,3.47,3.36,3.4,169210
2016-12-23,3.39,3.67,3.35,3.67,594296
2016-12-27,3.7,4.06,3.68,3.9,1402295
2016-12-28,4.01,4.05,3.7,3.78,1361159
2016-12-29,3.7,3.9,3.66,3.89,522030
2016-12-30,3.9,3.93,3.72,3.74,471972
2017-01-02,3.73,3.78,3.67,3.69,243600
2017-01-03,3.71,3.89,3.69,3.86,357323
2017-01-04,3.91,4.04,3.91,3.99,856790
2017-01-05,4,4.05,3.93,3.95,457839
2017-01-09,4.03,4.04,3.94,3.95,250973
2017-01-10,3.98,3.98,3.83,3.89,663616
2017-01-11,3.9,3.93,3.78,3.8,289846
2017-01-12,3.8,4.8,3.8,4.8,2635429
2017-01-13,4.89,5.73,4.61,5.05,5489617
2017-01-16,5.19,5.35,5.05,5.19,1461884
2017-01-17,5.25,5.27,4.92,5.17,998905
2017-01-18,5.12,5.28,4.89,4.91,1525999
2017-01-19,4.23,5.45,4.2,4.58,9054708
2017-01-20,4.65,4.69,4.46,4.6,4434278
2017-01-23,4.7,4.85,4.6,4.65,2130564
2017-01-24,4.65,4.76,4.51,4.68,1878130
2017-01-25,4.7,4.7,4.47,4.49,2436164
2017-01-26,4.5,4.6,4.28,4.51,2377661
2017-01-27,4.6,4.84,4.56,4.8,1616292
2017-01-30,4.94,5.24,4.88,5.2,2436291
2017-01-31,5.4,5.48,5.1,5.24,5378268
2017-02-01,5.25,5.35,5.22,5.26,812765
2017-02-02,5.22,5.32,5.11,5.25,826086
2017-02-03,5.21,5.75,5.2,5.75,2275028
2017-02-06,5.99,6.45,5.8,6.02,6059602
2017-02-07,6.03,6.25,5.83,6.2,3059736
2017-02-08,6.28,6.28,6.03,6.07,1667854
2017-02-09,6.09,6.12,5.87,5.98,1423267
2017-02-10,5.99,6.15,5.81,5.81,2701512
2017-02-13,5.8,5.94,5.72,5.87,1783461
2017-02-14,5.91,5.91,5.8,5.82,453577
2017-02-15,5.84,6.04,5.8,5.93,1517108
2017-02-16,6.04,6.23,5.93,6.2,2371141
2017-02-17,6.23,6.3,6.12,6.21,1021010
2017-02-20,6.24,6.65,6.22,6.65,1800084
2017-02-21,6.74,7.11,6.71,7,4690738
2017-02-22,7.1,7.11,6.75,6.77,2522518
2017-02-23,6.7,7,6.63,6.8,2898316
2017-02-24,6.79,6.92,6.47,6.85,2560800
2017-02-27,7.01,7.58,6.88,7.5,3414765
2017-02-28,7.5,8.02,7.41,7.83,4119690
2017-03-01,7.89,8.3,7.8,8.06,4182402
2017-03-02,8.13,8.79,8.06,8.79,4133701
2017-03-03,8.92,10.79,8.89,10.45,12791935
2017-03-06,11,13.8,10.76,13.8,10018253
2017-03-07,15,17.4,10.66,11.26,21358003
2017-03-08,11,11.42,9.05,10.1,15129483
2017-03-09,10.11,10.7,8.52,8.79,9383076
2017-03-10,8.79,9.36,8.07,9.36,9448607
2017-03-13,9.75,11.3,9.6,11.1,11999311
2017-03-14,11.45,11.45,9.75,10.02,8549216
2017-03-15,9.7,10.45,9.42,9.55,4770911
2017-03-16,9.75,10.25,9.43,10.18,2862247
2017-03-17,10.18,10.3,9.85,9.95,1782022
2017-03-20,10.19,10.58,9.86,9.99,3135101
2017-03-21,9.85,9.98,7.99,8.8,12709938
2017-03-22,8.42,8.75,8.04,8.59,6510219
2017-03-23,8.67,9.47,8.51,9.29,4687369
2017-03-24,9.35,9.47,8.6,8.67,3963648
2017-03-27,8.49,9.27,8.24,9.04,3197062
2017-03-28,9.35,9.38,8.88,9.01,2069079
2017-03-29,9.1,9.17,8.74,8.75,1031892
2017-03-30,8.7,8.9,8.15,8.25,1663245
2017-03-31,8.2,8.36,8,8.03,1324372
2017-04-03,8.01,8.18,7.08,7.22,4292372
2017-04-04,7.02,8.3,6.92,8.3,3967195
2017-04-05,8.55,8.66,8.05,8.12,3727735
2017-04-06,8,8.32,7.92,8.08,1263460
2017-04-07,8.2,8.41,8.04,8.19,936805
2017-04-10,8.29,9.1,8.27,9.04,3397841
2017-04-11,8.93,9.18,8.61,8.61,1608770
2017-04-12,8.65,8.92,8.61,8.64,740606
2017-04-13,8.66,8.99,8.52,8.84,1046154
2017-04-18,8.97,9.04,8.3,8.38,1327900
2017-04-19,8.43,8.77,8.3,8.64,560494
2017-04-20,8.7,8.7,8.38,8.45,479462
2017-04-21,8.45,8.53,8.15,8.21,559767
2017-04-24,8.25,8.4,8.1,8.36,553353
2017-04-25,8.39,8.73,8.2,8.58,922686
2017-04-26,8.7,8.7,8.35,8.5,703407
2017-04-27,8.46,8.5,8.36,8.38,269463
2017-04-28,8.25,8.39,8.06,8.13,925228
2017-05-02,8.1,8.44,8.03,8.42,446774
2017-05-04,8.54,8.68,8.32,8.45,809204
2017-05-05,8.38,8.64,8.32,8.56,452875
2017-05-08,8.69,8.7,8.3,8.38,685993
2017-05-09,8.21,8.32,8.06,8.2,729650
2017-05-10,8.1,8.25,8.07,8.1,283974
2017-05-11,8.11,8.38,8.09,8.11,541411
2017-05-12,8.19,8.25,7.77,7.98,617566
2017-05-15,7.94,7.97,7.67,7.8,457270
2017-05-16,7.8,8.18,7.72,8,659447
2017-05-17,8.09,8.65,7.58,7.61,4122304
2017-05-18,7.48,7.72,6.85,7.22,2417466
2017-05-19,7.39,7.52,6.85,6.95,1972596
2017-05-22,7,7.1,6.41,6.54,1640828
2017-05-23,6.5,6.88,6.39,6.63,1288873
2017-05-24,6.65,7.02,6.63,6.9,926553
2017-05-25,7.03,7.1,6.74,6.78,791854
2017-05-26,6.82,7.09,6.74,6.74,928715
2017-05-29,6.7,6.82,6.5,6.57,428824
2017-05-30,6.55,6.6,6.25,6.33,844917
2017-05-31,6.22,6.43,6.03,6.21,1115174
2017-06-01,6.3,6.39,6.2,6.25,421226
2017-06-02,6.33,7.09,6.27,7.09,1965634
2017-06-05,7.14,7.29,6.74,6.74,1787841
2017-06-06,6.66,6.84,6.55,6.7,427247
2017-06-07,6.68,6.93,6.61,6.7,526417
2017-06-08,6.74,6.91,6.74,6.88,364820
2017-06-09,7.09,7.18,6.95,7.04,910722
2017-06-12,7.1,7.39,6.91,7,1343958
2017-06-13,7.01,7.08,6.65,6.8,504703
2017-06-14,6.8,6.95,6.75,6.85,344014
2017-06-16,6.85,6.87,6.69,6.72,225577
2017-06-19,6.75,6.89,6.67,6.7,331870
2017-06-20,6.68,6.73,6.4,6.51,673292
2017-06-21,6.59,6.65,6.52,6.59,217918
2017-06-22,6.61,6.62,6.41,6.43,236751
2017-06-23,6.41,6.55,6.41,6.45,136942
2017-06-26,6.46,6.63,6.43,6.6,399397
2017-06-27,6.65,6.93,6.6,6.83,767765
2017-06-28,6.83,6.92,6.72,6.78,328783
2017-06-29,6.83,6.95,6.64,6.7,592970
2017-06-30,6.64,6.75,6.53,6.53,383106
2017-07-03,6.61,6.64,6.48,6.57,236520
2017-07-04,6.56,6.66,6.45,6.46,189615
2017-07-05,6.43,6.58,6.35,6.37,364229
2017-07-06,6.34,6.5,6.33,6.38,236104
2017-07-07,6.4,6.43,6.32,6.38,178943
2017-07-10,6.38,6.42,6.29,6.3,205580
2017-07-11,6.3,6.35,6.15,6.18,331987
2017-07-12,6.17,6.28,6.01,6.05,615623
2017-07-13,6.06,6.18,5.93,6.09,645048
2017-07-14,6.17,6.58,6.1,6.45,1367768
2017-07-17,6.53,6.67,6.4,6.54,667639
2017-07-18,6.55,6.62,6.42,6.43,331866
2017-07-19,6.43,6.47,6.17,6.28,452856
2017-07-20,6.21,6.27,6.14,6.2,327453
2017-07-21,6.17,6.3,6.17,6.17,148831
2017-07-24,6.18,6.27,6.16,6.2,190951
2017-07-25,6.2,6.22,6.1,6.11,444363
2017-07-26,6.13,6.49,6.1,6.46,1051251
2017-07-27,6.49,6.49,6.13,6.22,617152
2017-07-28,6.15,6.3,6.14,6.27,268828
2017-07-31,6.25,6.33,6.16,6.2,254760
2017-08-01,6.19,6.24,6.13,6.15,249641
2017-08-02,6.15,6.24,6.11,6.16,234577
2017-08-03,6.14,6.34,6.14,6.25,406741
2017-08-04,6.25,6.3,6.2,6.22,208465
2017-08-07,6.25,6.94,6.24,6.93,2257333
2017-08-08,6.97,7.18,6.6,6.62,2777728
2017-08-09,6.61,7,6.45,6.9,1284672
2017-08-10,7.03,7.1,6.7,6.7,1282029
2017-08-11,6.62,6.83,6.6,6.61,595857
2017-08-14,6.65,6.75,6.56,6.66,304133
2017-08-16,6.66,6.74,6.6,6.6,358607
2017-08-17,6.6,6.67,6.38,6.38,553656
2017-08-18,6.28,6.42,6.2,6.24,538893
2017-08-21,6.26,6.34,6.2,6.3,337643
2017-08-22,6.32,6.44,6.22,6.4,316473
2017-08-23,6.44,6.84,6.44,6.57,1165089
2017-08-24,6.61,6.7,6.55,6.65,372223
2017-08-25,6.69,6.73,6.57,6.58,333472
2017-08-28,6.85,7.04,6.7,6.97,1902370
2017-08-29,6.95,6.96,6.63,6.7,722954
2017-08-30,6.76,6.82,6.55,6.61,673517
2017-08-31,6.59,6.67,6.47,6.47,755398
2017-09-01,6.47,6.62,6.4,6.55,954877
2017-09-04,6.48,6.57,6.47,6.53,242009
2017-09-05,6.59,6.6,6.51,6.51,291125
2017-09-06,6.5,6.55,6.45,6.46,293674
2017-09-07,6.46,6.47,6.38,6.39,423722
2017-09-08,6.39,6.43,6.3,6.3,535287
2017-09-11,6.3,6.63,6.3,6.52,578461
2017-09-12,6.58,6.67,6.54,6.55,685680
2017-09-13,6.53,6.6,6.4,6.49,373533
2017-09-14,6.43,6.49,6.38,6.38,159929
2017-09-15,6.4,6.49,6.36,6.46,239080
2017-09-18,6.49,6.54,6.42,6.49,216923
2017-09-19,6.4,6.47,6.36,6.38,260207
2017-09-20,6.43,6.43,6.33,6.37,186571
2017-09-21,6.36,6.4,6.26,6.34,363311
2017-09-22,6.32,6.34,6.2,6.26,385882
2017-09-25,6.3,6.3,5.95,6.13,682787
2017-09-26,6.13,6.15,6.03,6.06,351640
2017-09-27,5.95,6.01,5.62,5.72,1250987
2017-09-28,5.71,5.71,5.14,5.14,2094828
2017-09-29,5.1,5.41,5.06,5.26,945793
2017-10-02,5.3,5.35,5.04,5.09,671018
2017-10-03,5.1,5.15,4.86,4.99,1041471
2017-10-04,4.99,5.17,4.95,5.06,729210
2017-10-05,5.06,5.15,5.02,5.09,347789
2017-10-06,5.08,5.12,4.98,5.02,326591
2017-10-09,5.12,5.36,5.09,5.24,776067
2017-10-10,5.26,5.31,5.11,5.13,403869
2017-10-11,5.14,5.19,5.06,5.15,260546
2017-10-12,5.27,5.34,5.2,5.22,731069
2017-10-13,5.22,5.25,5.09,5.22,322449
2017-10-16,5.22,5.24,5.14,5.21,108348
2017-10-17,5.19,5.22,5.13,5.16,162719
2017-10-18,5.13,5.17,5.06,5.08,183906
2017-10-19,5.06,5.11,4.85,4.9,596822
2017-10-20,4.91,4.96,4.58,4.7,984711
2017-10-23,4.72,4.74,4.25,4.31,1466985
2017-10-24,4.3,4.48,4.2,4.32,946698
2017-10-25,4.34,4.4,4.29,4.29,437688
2017-10-26,4.3,4.3,4.05,4.19,553237
2017-10-27,4.19,5.06,4.14,4.99,3148654
2017-10-30,5.05,5.2,4.82,4.82,1936384
2017-10-31,4.86,4.92,4.52,4.57,1247471
2017-11-02,4.49,4.77,4.45,4.55,1199667
2017-11-03,4.63,5.23,4.63,5.12,2691981
2017-11-06,5.2,5.36,5.09,5.18,1981593
2017-11-07,5.19,5.25,5.1,5.2,745843
2017-11-08,5.16,5.36,5.13,5.31,1073178
2017-11-09,5.36,5.4,5.08,5.15,1299705
2017-11-10,5.15,5.19,5.01,5.13,367036
2017-11-13,5,5.1,4.74,4.81,1025672
2017-11-14,4.82,4.9,4.57,4.63,818775
2017-11-15,4.63,4.84,4.46,4.74,734860
2017-11-16,4.76,4.83,4.67,4.72,304446
2017-11-17,4.71,4.76,4.65,4.71,126068
2017-11-20,4.69,4.76,4.65,4.69,273112
2017-11-21,4.69,4.7,4.61,4.63,231633
2017-11-22,4.63,4.76,4.51,4.63,505525
2017-11-23,4.68,4.72,4.6,4.68,126936
2017-11-24,4.65,4.7,4.62,4.63,176272
2017-11-27,4.66,4.67,4.5,4.53,453359
2017-11-28,4.56,4.59,4.41,4.48,327878
2017-11-29,4.45,4.51,4.39,4.43,286990
2017-11-30,4.4,4.5,4.4,4.45,153399
2017-12-01,4.45,4.49,4.42,4.47,162117
2017-12-04,4.48,4.49,4.36,4.4,245060
2017-12-05,4.4,4.42,4.31,4.32,319525
2017-12-06,4.28,4.46,4.22,4.44,512757
2017-12-07,4.47,4.49,4.21,4.45,719120
2017-12-08,4.47,4.58,4.44,4.57,480511
2017-12-11,4.55,4.61,4.45,4.49,408220
2017-12-12,4.49,4.5,4.41,4.44,413034
2017-12-13,4.42,4.47,4.4,4.44,355822
2017-12-14,4.44,4.45,4.29,4.3,681316
2017-12-15,4.31,4.32,4.15,4.15,1074823
2017-12-18,4.1,4.23,3.99,4.12,1352617
2017-12-19,4.12,4.13,4.03,4.03,1075611
2017-12-20,4.01,4.07,3.95,4.02,1880681
2017-12-21,4.01,4.03,3.91,3.94,1336540
2017-12-22,3.88,3.97,3.86,3.89,1122767
2017-12-27,3.9,3.9,3.77,3.8,1614052
2017-12-28,3.8,4.05,3.8,4.05,1151342
2017-12-29,4.05,4.07,3.97,4.03,841493
2018-01-03,4.14,4.42,4.08,4.3,1078285
2018-01-04,4.38,4.53,4.32,4.5,1117663
2018-01-05,4.65,4.72,4.52,4.6,860518
2018-01-08,4.65,4.65,4.48,4.5,328560
2018-01-09,4.5,4.62,4.4,4.52,782712
2018-01-10,4.52,4.59,4.44,4.49,350039
2018-01-11,4.51,4.59,4.51,4.57,277685
2018-01-12,4.59,4.6,4.51,4.55,121719
2018-01-15,4.55,4.57,4.45,4.46,187182
2018-01-16,4.44,4.44,4.2,4.2,1076999
2018-01-17,4.22,4.3,4.17,4.2,535984
2018-01-18,4.2,4.27,4.13,4.26,488601
2018-01-19,4.27,4.48,4.27,4.42,514966
2018-01-22,4.37,4.48,4.37,4.4,300644
2018-01-23,4.44,4.54,4.41,4.46,479996
2018-01-24,4.43,4.48,4.33,4.35,352151
2018-01-25,4.33,4.36,4.29,4.32,144539
2018-01-26,4.34,4.4,4.28,4.32,199643
2018-01-29,4.29,4.98,4.29,4.98,2929981
2018-01-30,4.95,5.16,4.86,5.02,2780843
2018-01-31,5.06,5.07,4.77,4.8,888293
2018-02-01,4.81,4.89,4.65,4.73,547886
2018-02-02,4.75,4.84,4.64,4.82,645172
2018-02-05,4.75,4.86,4.67,4.74,398599
2018-02-06,4.56,4.63,4.47,4.57,907166
2018-02-07,4.6,4.65,4.53,4.63,540059
2018-02-08,4.64,4.97,4.6,4.88,1143946
2018-02-09,4.82,5.12,4.78,5.07,1712867
2018-02-12,5.13,5.25,4.96,4.96,1242840
2018-02-13,4.97,5.09,4.93,4.97,470834
2018-02-14,4.98,5.05,4.89,4.98,403481
2018-02-15,5.03,5.14,4.95,4.96,956099
2018-02-16,5.03,5.04,4.87,4.92,414387
2018-02-19,4.95,4.97,4.9,4.92,113437
2018-02-20,4.92,4.98,4.87,4.93,113924
2018-02-21,4.96,5.2,4.86,5.15,1023364
2018-02-22,5.13,5.13,4.99,4.99,553704
2018-02-23,4.96,5.03,4.92,4.99,245756
2018-02-26,4.98,5.1,4.94,4.96,444427
2018-02-27,4.98,5.03,4.91,4.91,300712
2018-02-28,4.9,4.9,4.63,4.64,691786
2018-03-01,4.6,4.68,4.44,4.57,659271
2018-03-02,4.6,4.84,4.57,4.65,530460
2018-03-05,4.59,4.74,4.57,4.6,218113
2018-03-06,4.62,4.7,4.56,4.58,194703
2018-03-07,4.54,4.7,4.5,4.64,381278
2018-03-08,4.74,4.74,4.65,4.71,185858
2018-03-09,4.66,4.77,4.66,4.74,191256
2018-03-12,4.77,4.99,4.7,4.97,605266
2018-03-13,4.99,5.02,4.64,4.66,569692
2018-03-14,4.69,4.72,4.61,4.63,273391
2018-03-15,4.67,4.8,4.56,4.6,326152
2018-03-16,4.61,4.68,4.5,4.5,413485
2018-03-19,4.54,4.73,4.5,4.7,497773
2018-03-20,4.71,4.85,4.69,4.83,589809
2018-03-21,4.85,5.09,4.85,5.04,1232913
2018-03-22,5.04,5.07,4.77,4.85,903111
2018-03-23,4.76,4.93,4.73,4.92,273539
2018-03-26,4.45,4.61,4.33,4.38,1500777
2018-03-27,4.4,4.5,4.08,4.4,826164
2018-03-28,4.22,4.27,3.95,3.95,997469
2018-03-29,3.93,3.94,3.77,3.9,768772
2018-04-03,4,4.08,3.67,3.7,970633
2018-04-04,3.66,3.66,3.45,3.53,994866
2018-04-05,3.48,3.58,3.41,3.41,877197
2018-04-06,3.42,3.62,3.21,3.5,2285592
2018-04-09,3.55,3.55,3.32,3.32,743885
2018-04-10,3.05,3.34,3.05,3.24,1181781
2018-04-11,3.2,3.47,3.2,3.27,1056809
2018-04-12,3.3,3.47,3.3,3.47,621372
2018-04-13,3.53,3.65,3.5,3.59,902374
2018-04-16,3.6,3.61,3.43,3.48,354708
2018-04-17,3.44,3.45,3.35,3.37,275876
2018-04-18,3.39,3.47,3.29,3.37,487147
2018-04-19,3.37,3.45,3.37,3.44,169932
2018-04-20,3.5,3.54,3.45,3.47,407760
2018-04-23,3.48,3.52,3.36,3.36,196689
2018-04-24,3.35,3.37,3.2,3.2,532483
2018-04-25,3.15,3.2,3.07,3.13,383527
2018-04-26,3.1,3.21,3.1,3.2,234866
2018-04-27,3.22,3.29,3.11,3.15,306891
2018-04-30,3.15,3.26,3.15,3.2,166713
2018-05-02,3.16,3.2,3.15,3.18,119323
2018-05-04,3.2,3.25,3.16,3.19,79988
2018-05-07,3.2,3.22,3.16,3.17,99469
2018-05-08,3.19,3.19,3.08,3.08,191505
2018-05-09,3.1,3.12,3.02,3.08,356177
2018-05-10,3.09,3.1,3.02,3.05,354999
2018-05-11,3.07,3.37,3.04,3.35,1207578
2018-05-14,3.39,3.55,3.25,3.45,733653
2018-05-15,3.38,3.45,3.24,3.25,324440
2018-05-16,3.25,3.29,3.15,3.28,330679
2018-05-17,3.29,3.3,3.18,3.22,174629
2018-05-18,3.23,3.27,3.11,3.11,273760
2018-05-21,3.1,3.15,3.07,3.12,200205
2018-05-22,3.13,3.13,3.02,3.04,374882
2018-05-23,3.02,3.03,2.82,2.85,458621
2018-05-24,2.85,2.93,2.73,2.75,347285
2018-05-25,2.75,2.9,2.73,2.9,260474
2018-05-28,2.93,3.22,2.86,3.14,659555
2018-05-29,3.13,3.14,3.04,3.08,271895
2018-05-30,3.04,3.18,2.99,3.03,451914
2018-06-01,3.06,3.09,3,3.02,67050
2018-06-04,3.04,3.09,2.98,3.04,154378
2018-06-05,3.02,3.14,3.01,3.09,227678
2018-06-06,3.09,3.28,3.09,3.24,856364
2018-06-07,3.29,3.33,3.19,3.2,548931
2018-06-08,3.2,3.24,3.18,3.22,120446
2018-06-11,3.24,3.26,3.15,3.18,106071
2018-06-12,3.18,3.2,3.16,3.17,103068
2018-06-13,3.18,3.2,3.14,3.18,146657
2018-06-14,3.14,3.19,3.13,3.18,84075
2018-06-15,3.15,3.19,3.1,3.1,232378
2018-06-18,3.08,3.19,3.08,3.1,145764
2018-06-19,3.1,3.13,2.99,3.03,177230
2018-06-20,3.03,3.09,3,3.09,134857
2018-06-21,3.09,3.22,3.05,3.05,581044
2018-06-22,3.06,3.49,3.06,3.44,1784339
2018-06-25,3.44,3.54,3.25,3.33,1048498
2018-06-26,3.35,3.36,3.27,3.31,86180
2018-06-27,3.33,3.33,3.11,3.17,570182
2018-06-28,3.17,3.22,3.05,3.08,196148
2018-06-29,3.12,3.12,3.06,3.12,97275
2018-07-02,3.1,3.32,3.07,3.26,281040
2018-07-03,3.27,3.33,3.19,3.26,296064
2018-07-04,3.24,3.3,3.23,3.26,71166
2018-07-05,3.27,3.52,3.23,3.5,1299118
2018-07-06,3.5,3.57,3.34,3.35,1207758
2018-07-09,3.39,3.41,3.25,3.27,292064
2018-07-10,3.27,3.62,3.25,3.62,1011561
2018-07-11,3.65,3.77,3.49,3.56,1207640
2018-07-12,3.59,3.62,3.46,3.49,361742
2018-07-13,3.54,3.68,3.45,3.58,646603
2018-07-16,3.61,3.78,3.6,3.74,741987
2018-07-17,3.76,3.76,3.62,3.66,376089
2018-07-18,3.68,3.85,3.66,3.83,693558
2018-07-19,3.83,4.19,3.82,4.09,1967928
2018-07-20,4.09,4.16,4.01,4.06,724697
2018-07-23,4.09,4.31,3.98,4.3,836516
2018-07-24,4.32,4.36,4.15,4.21,678517
2018-07-25,4.24,4.43,4.19,4.26,796102
2018-07-26,4.28,4.62,4.22,4.51,1127823
2018-07-27,4.53,4.65,4.4,4.5,588598
2018-07-30,4.5,4.54,4.23,4.25,902275
2018-07-31,4.23,4.23,4.03,4.04,761598
2018-08-01,4.04,4.25,4.02,4.15,481082
2018-08-02,4.17,4.2,4.06,4.14,423174
2018-08-03,4.22,4.24,4.13,4.2,385797
2018-08-06,4.22,4.25,4.12,4.15,251195
2018-08-07,4.22,4.25,4.13,4.2,251044
2018-08-08,4.22,4.22,4.12,4.12,316857
2018-08-09,4.12,4.16,3.94,4.12,656664
2018-08-10,4.11,4.15,3.8,3.8,681000
2018-08-13,3.8,3.91,3.61,3.85,450971
2018-08-14,3.76,4,3.76,3.98,518409
2018-08-16,3.98,4.08,3.86,4,335987
2018-08-17,4.01,4.03,3.8,3.87,242183
2018-08-20,3.81,3.85,3.7,3.74,192393
2018-08-21,3.71,3.89,3.57,3.84,747157
2018-08-22,3.88,3.89,3.73,3.82,192872
2018-08-23,3.8,3.82,3.72,3.78,121457
2018-08-24,3.78,3.81,3.73,3.79,219828
2018-08-27,3.6,3.73,3.48,3.62,583783
2018-08-28,3.61,3.97,3.6,3.84,1437267
2018-08-29,3.86,3.89,3.66,3.68,542035
2018-08-30,3.68,3.75,3.54,3.61,536139
2018-08-31,3.57,3.69,3.44,3.59,523073
2018-09-03,3.58,3.67,3.53,3.54,230915
2018-09-04,3.6,3.6,3.35,3.42,416784
2018-09-05,3.4,3.5,3.29,3.29,294781
2018-09-06,3.27,3.3,3.06,3.08,506909
2018-09-07,3.08,3.17,2.85,2.9,985522
2018-09-10,2.97,3.18,2.91,3.12,648168
2018-09-11,3.14,3.2,3.03,3.04,245068
2018-09-12,3.09,3.1,2.99,2.99,64849
2018-09-13,3.04,3.09,3,3,130890
2018-09-14,3.06,3.06,2.99,3.02,109666
2018-09-17,3.03,3.05,2.99,3.02,109590
2018-09-18,3.03,3.11,3.03,3.06,116431
2018-09-19,3.06,3.1,2.99,2.99,204496
2018-09-20,3.05,3.06,3,3.01,93077
2018-09-21,3.04,3.18,3,3.1,301003
2018-09-24,3.12,3.12,3.03,3.06,149391
2018-09-25,3.06,3.27,3.03,3.18,611068
2018-09-26,3.21,3.29,3.18,3.2,364950
2018-09-27,3.2,3.24,3.15,3.15,105568
2018-09-28,3.14,3.18,3.09,3.12,99110
2018-10-01,3.1,3.18,3.1,3.16,57424
2018-10-02,3.18,3.18,3.13,3.16,32543
2018-10-03,3.17,3.2,3.12,3.14,101484
2018-10-04,3.13,3.18,3.07,3.12,82840
2018-10-05,3.07,3.11,3,3.09,160504
2018-10-08,3.07,3.08,2.99,3,150574
2018-10-09,3,3.05,3,3.01,85840
2018-10-10,3.01,3.07,2.98,3,150790
2018-10-11,2.94,2.97,2.88,2.93,183139
2018-10-12,2.96,2.98,2.91,2.91,125739
2018-10-15,2.93,2.97,2.91,2.96,197659
2018-10-16,2.95,2.97,2.91,2.96,101036
2018-10-17,2.97,3.52,2.95,3.23,2032115
2018-10-18,3.24,3.28,3.1,3.1,587924
2018-10-19,3.1,3.2,3.08,3.2,249532
2018-10-22,3.23,3.4,3.23,3.36,519527
2018-10-23,3.35,3.39,3.17,3.18,302377
2018-10-24,3.2,3.28,3.18,3.19,159538
2018-10-25,3.15,3.17,3.08,3.1,251999
2018-10-26,3.07,3.1,3.05,3.08,65680
2018-10-29,3.08,3.12,3.04,3.04,77715
2018-10-30,3.09,3.09,2.95,2.97,411070
2018-10-31,2.97,3.02,2.95,3,201753
2018-11-02,3.02,3.08,2.99,2.99,214190
2018-11-05,3,3.06,2.95,3.03,145688
2018-11-06,3.03,3.04,2.99,3.02,66218
2018-11-07,3.02,3.1,3,3.06,143017
2018-11-08,3.11,3.11,3.01,3.01,99930
2018-11-09,3.02,3.04,2.99,3.02,75565
2018-11-13,3,3.07,2.98,2.99,112714
2018-11-14,3,3.02,2.98,3,100041
2018-11-15,2.99,3.01,2.82,2.93,594834
2018-11-16,2.93,2.96,2.81,2.87,292543
2018-11-19,2.85,2.89,2.82,2.89,179143
2018-11-20,2.88,2.88,2.79,2.85,310825
2018-11-21,2.8,2.86,2.71,2.82,448181
2018-11-22,2.82,2.84,2.73,2.8,359330
2018-11-23,2.78,2.9,2.78,2.86,244992
2018-11-26,2.86,2.95,2.85,2.89,231685
2018-11-27,2.94,2.95,2.8,2.81,262428
2018-11-28,2.82,2.86,2.77,2.79,156702
2018-11-29,2.79,2.83,2.77,2.81,70860
2018-11-30,2.81,2.83,2.77,2.83,117279
2018-12-03,2.83,3.03,2.75,2.98,535819
2018-12-04,2.96,3,2.9,2.92,369883
2018-12-05,2.85,3.18,2.84,3.11,1083672
2018-12-06,3.09,3.09,2.99,3.01,374757
2018-12-07,3.03,3.11,2.99,3.02,250449
2018-12-10,2.99,3.04,2.91,2.91,236476
2018-12-11,2.93,2.97,2.9,2.95,146519
2018-12-12,2.94,3.07,2.88,2.99,510169
2018-12-13,3.01,3.03,2.95,2.95,151972
2018-12-14,2.95,3.06,2.91,2.99,463867
2018-12-17,3,3.09,2.95,3.05,560986
2018-12-18,3.06,3.07,3.01,3.01,297269
2018-12-19,3.01,3.03,2.94,2.97,311806
2018-12-20,2.96,2.96,2.88,2.93,312070
2018-12-21,2.9,2.9,2.81,2.83,588709
2018-12-27,2.89,2.89,2.78,2.79,289773
2018-12-28,2.8,2.83,2.78,2.81,97054
2019-01-02,2.82,2.9,2.81,2.86,277179
2019-01-03,2.85,2.88,2.82,2.84,146569
2019-01-04,2.85,3.05,2.85,3.03,711859
2019-01-07,3.05,3.07,2.98,2.98,298829
2019-01-08,3,3.02,2.96,2.97,349633
2019-01-09,2.96,3.06,2.94,2.94,530448
2019-01-10,2.95,2.96,2.92,2.95,126726
2019-01-11,2.97,3,2.9,2.91,346123
2019-01-14,2.92,2.94,2.9,2.94,65999
2019-01-15,2.95,2.95,2.91,2.91,45479
2019-01-16,2.94,3.05,2.91,3.05,725839
2019-01-17,3.05,3.1,2.97,2.97,604047
2019-01-18,2.99,3.02,2.96,2.97,226470
2019-01-21,2.99,2.99,2.95,2.96,80457
2019-01-22,2.96,2.99,2.95,2.95,105767
2019-01-23,2.95,2.99,2.94,2.98,122220
2019-01-24,2.98,3.03,2.94,3.01,171043
2019-01-25,3.01,3.02,2.97,2.97,198342
2019-01-28,2.95,2.99,2.95,2.96,69050
2019-01-29,2.98,2.98,2.93,2.94,189085
2019-01-30,2.94,2.96,2.9,2.9,244969
2019-01-31,2.95,2.95,2.91,2.94,128121
2019-02-01,2.96,2.96,2.91,2.92,73777
2019-02-04,2.93,3.04,2.9,2.97,455988
2019-02-05,2.98,3.03,2.95,2.95,303923
2019-02-06,2.97,2.97,2.9,2.92,409844
2019-02-07,2.93,2.97,2.84,2.86,428644
2019-02-08,2.85,2.89,2.8,2.85,751110
2019-02-11,2.81,2.88,2.8,2.84,235816
2019-02-12,2.84,2.86,2.78,2.81,319536
2019-02-13,2.82,2.82,2.78,2.8,243750
2019-02-14,2.8,2.82,2.78,2.8,135239
2019-02-15,2.79,2.85,2.79,2.85,144229
2019-02-18,2.85,2.86,2.8,2.81,70926
2019-02-19,2.81,2.83,2.78,2.78,191707
2019-02-20,2.78,2.85,2.77,2.79,428226
2019-02-21,2.8,2.8,2.76,2.79,234973
2019-02-22,2.77,2.8,2.77,2.78,126784
2019-02-25,2.78,2.82,2.77,2.77,224448
2019-02-26,2.79,2.8,2.77,2.77,188091
2019-02-27,2.79,2.93,2.77,2.8,686218
2019-02-28,2.8,2.88,2.79,2.8,376249
2019-03-01,2.81,2.85,2.8,2.83,95215
2019-03-04,2.849,2.849,2.8,2.838,107350
2019-03-05,2.806,2.93,2.806,2.865,548011
2019-03-06,2.9,2.98,2.9,2.959,527514
2019-03-07,2.959,2.959,2.841,2.86,234722
2019-03-08,2.85,2.897,2.84,2.897,185539
2019-03-11,2.9,2.968,2.88,2.917,292479
2019-03-12,2.92,2.95,2.905,2.944,117326
2019-03-13,2.949,2.995,2.91,2.944,322631
2019-03-14,2.955,2.962,2.86,2.874,353324
2019-03-15,2.915,2.915,2.82,2.82,440705
2019-03-18,2.839,2.87,2.801,2.83,408746
2019-03-19,2.83,2.888,2.82,2.823,246555
2019-03-20,2.82,2.85,2.8,2.809,127828
2019-03-21,2.805,2.837,2.8,2.82,84432
2019-03-22,2.83,2.859,2.82,2.83,132623
2019-03-25,2.83,2.86,2.811,2.839,65536
2019-03-26,2.821,2.85,2.82,2.82,47228
2019-03-27,2.846,2.849,2.815,2.839,68000
2019-03-28,2.83,2.84,2.79,2.823,140724
2019-03-29,2.797,2.823,2.791,2.8,61838
2019-04-01,2.8,2.875,2.77,2.82,167133
2019-04-02,2.82,2.87,2.82,2.85,124489
2019-04-03,2.86,2.86,2.79,2.8,148075
2019-04-04,2.825,2.825,2.8,2.81,58667
2019-04-05,2.81,2.825,2.795,2.8,81732
2019-04-08,2.8,2.82,2.79,2.79,47566
2019-04-09,2.79,2.81,2.79,2.79,90877
2019-04-10,2.8,2.825,2.79,2.805,64770
2019-04-11,2.815,2.86,2.8,2.82,167493
2019-04-12,2.935,2.99,2.86,2.86,975271
2019-04-15,2.88,2.91,2.83,2.86,139065
2019-04-16,2.86,2.86,2.805,2.815,171992
2019-04-17,2.94,2.94,2.78,2.81,926831
2019-04-18,2.81,2.84,2.8,2.83,101768
2019-04-23,2.85,2.85,2.825,2.83,55431
2019-04-24,2.845,2.85,2.79,2.8,93949
2019-04-25,2.8,2.815,2.74,2.74,209072
2019-04-26,2.74,2.785,2.74,2.76,43704
2019-04-29,2.76,2.795,2.74,2.77,113449
2019-04-30,2.745,2.775,2.64,2.65,325658
2019-05-02,2.65,2.69,2.53,2.585,318898
2019-05-06,2.56,2.63,2.53,2.61,115668
2019-05-07,2.61,2.61,2.52,2.52,140549
2019-05-08,2.51,2.55,2.45,2.46,271869
2019-05-09,2.485,2.49,2.41,2.445,222556
2019-05-10,2.445,2.475,2.425,2.475,69980
2019-05-13,2.49,2.5,2.4,2.4,205332
2019-05-14,2.42,2.45,2.405,2.41,68256
2019-05-15,2.365,2.385,2.13,2.3,1005004
2019-05-16,2.3,2.345,2.27,2.3,138113
2019-05-17,2.32,2.32,2.205,2.24,240039
2019-05-20,2.2,2.22,2.08,2.08,494633
2019-05-21,2.08,2.16,2.08,2.12,235561
2019-05-22,2.12,2.2,2.1,2.14,227030
2019-05-23,2.18,2.195,2.15,2.15,103933
2019-05-24,2.15,2.18,2.115,2.17,126114
2019-05-27,2.175,2.195,2.125,2.175,105145
2019-05-28,2.175,2.185,2.13,2.165,62586
2019-05-29,2.14,2.175,2.125,2.13,72672
2019-05-30,2.16,2.19,2.14,2.175,78997
2019-05-31,2.185,2.39,2.15,2.35,600163
2019-06-03,2.375,2.375,2.27,2.3,182870
2019-06-04,2.325,2.325,2.26,2.29,44792
2019-06-05,2.29,2.3,2.2,2.2,77545
2019-06-06,2.21,2.24,2.125,2.14,164949
2019-06-07,2.14,2.175,2.12,2.14,96473
2019-06-10,2.16,2.6,2.12,2.59,981071
2019-06-11,2.57,2.69,2.36,2.37,863218
2019-06-12,2.395,2.55,2.38,2.42,602950
2019-06-13,2.44,2.58,2.41,2.48,342165
2019-06-14,2.52,2.52,2.41,2.42,203571
2019-06-17,2.43,2.44,2.39,2.39,115314
2019-06-18,2.38,2.38,2.36,2.37,85545
2019-06-19,2.38,2.75,2.36,2.63,1043656
2019-06-21,2.645,2.75,2.61,2.615,431215
2019-06-24,2.66,2.9,2.65,2.805,1241906
2019-06-25,2.805,2.88,2.775,2.81,456685
2019-06-26,2.85,2.92,2.68,2.68,632439
2019-06-27,2.78,2.825,2.68,2.77,583562
2019-06-28,2.79,2.82,2.69,2.71,225503
2019-07-01,2.705,2.91,2.7,2.89,781568
2019-07-02,2.89,2.96,2.835,2.87,530585
2019-07-03,2.87,2.9,2.77,2.8,182649
2019-07-04,2.8,2.85,2.735,2.795,541174
2019-07-05,2.8,2.82,2.75,2.76,76106
2019-07-08,2.76,2.895,2.745,2.805,327537
2019-07-09,2.84,2.85,2.75,2.78,89404
2019-07-10,2.76,2.805,2.72,2.75,148898
2019-07-11,2.715,2.755,2.7,2.71,101666
2019-07-12,2.73,2.76,2.7,2.73,64525
2019-07-15,2.705,2.735,2.68,2.705,103464
2019-07-16,2.69,2.72,2.615,2.625,152314
2019-07-17,2.645,2.68,2.64,2.65,61443
2019-07-18,2.65,2.65,2.61,2.63,37831
2019-07-19,2.615,2.65,2.615,2.645,10922
2019-07-22,2.63,2.65,2.59,2.59,50170
2019-07-23,2.57,2.79,2.56,2.755,241571
2019-07-24,2.76,2.86,2.73,2.74,353105
2019-07-25,2.76,2.81,2.7,2.7,91986
2019-07-26,2.69,2.72,2.665,2.715,37406
2019-07-29,2.715,2.715,2.615,2.62,72188
2019-07-30,2.62,2.74,2.62,2.695,38381
2019-07-31,2.72,2.72,2.66,2.695,52715
2019-08-01,2.695,2.71,2.645,2.67,35095
2019-08-02,2.63,2.63,2.545,2.55,204767
2019-08-05,2.55,2.56,2.43,2.45,208415
2019-08-06,2.5,2.5,2.43,2.44,58565
2019-08-07,2.45,2.525,2.4,2.44,200936
2019-08-08,2.44,2.5,2.43,2.43,77439
2019-08-09,2.43,2.49,2.395,2.425,79747
2019-08-12,2.39,2.42,2.35,2.38,131714
2019-08-13,2.36,2.5,2.35,2.425,122683
2019-08-14,2.5,2.5,2.31,2.31,228940
2019-08-16,2.33,2.34,2.25,2.305,109583
2019-08-19,2.31,2.37,2.27,2.33,111229
2019-08-20,2.36,2.38,2.26,2.315,213889
2019-08-21,2.3,2.345,2.27,2.29,38002
2019-08-22,2.28,2.3,2.21,2.22,88780
2019-08-23,2.24,2.31,2.2,2.245,177432
2019-08-26,2.22,2.28,2.17,2.275,62533
2019-08-27,2.28,2.3,2.245,2.29,19253
2019-08-28,2.29,2.45,2.26,2.26,235323
2019-08-29,2.295,2.365,2.29,2.32,117704
2019-08-30,2.33,2.36,2.3,2.33,56050
2019-09-02,2.35,2.36,2.29,2.295,48414
2019-09-03,2.335,2.335,2.255,2.28,42148
2019-09-04,2.23,2.29,2.23,2.24,106222
2019-09-05,2.25,2.28,2.21,2.245,48456
2019-09-06,2.245,2.28,2.225,2.25,68499
2019-09-09,2.25,2.275,2.235,2.265,50489
2019-09-10,2.275,2.275,2.235,2.26,42511
2019-09-11,2.26,2.36,2.25,2.315,111127
2019-09-12,2.31,2.44,2.31,2.41,263268
2019-09-13,2.38,2.48,2.37,2.39,367399
2019-09-16,2.39,2.4,2.335,2.345,65703
2019-09-17,2.3,2.335,2.28,2.295,124635
2019-09-18,2.295,2.33,2.24,2.26,141648
2019-09-19,2.27,2.3,2.25,2.27,73917
2019-09-20,2.27,2.335,2.205,2.205,291439
2019-09-23,2.205,2.24,2.09,2.145,228103
2019-09-24,2.105,2.155,2.09,2.1,208643
2019-09-25,2.115,2.47,2.09,2.385,950344
2019-09-26,2.4,2.405,2.22,2.225,288709
2019-09-27,2.26,2.28,2.205,2.245,94698
2019-09-30,2.27,2.275,2.22,2.235,61817
2019-10-01,2.225,2.25,2.145,2.19,136804
2019-10-02,2.2,2.24,2.18,2.22,99883
2019-10-03,2.155,2.235,2.125,2.14,72120
2019-10-04,2.14,2.22,2.135,2.22,77525
2019-10-07,2.22,2.26,2.2,2.235,34929
2019-10-08,2.245,2.255,2.19,2.19,56803
2019-10-09,2.21,2.22,2.14,2.15,143188
2019-10-10,2.18,2.2,2.125,2.17,157045
2019-10-11,2.195,2.29,2.16,2.235,248698
2019-10-14,2.24,2.275,2.22,2.265,140482
2019-10-15,2.275,2.31,2.18,2.2,157613
2019-10-16,2.22,2.22,2.19,2.195,36733
2019-10-17,2.22,2.22,2.165,2.17,78481
2019-10-18,2.185,2.19,2.165,2.18,31934
2019-10-21,2.18,2.19,2.125,2.17,214960
2019-10-22,2.18,2.23,2.13,2.14,342661
2019-10-23,2.165,2.165,2.135,2.14,44493
2019-10-24,2.135,2.15,2.12,2.14,56338
2019-10-25,2.14,2.145,2.12,2.12,88816
2019-10-28,2.12,2.14,2.09,2.1,174873
2019-10-29,2.135,2.135,2.095,2.1,116775
2019-10-30,2.12,2.125,2.085,2.1,93130
2019-10-31,2.115,2.12,2.09,2.12,80767
2019-11-04,2.13,2.23,2.12,2.15,232069
2019-11-05,2.175,2.18,2.1,2.11,264625
2019-11-06,2.11,2.145,2.095,2.1,124507
2019-11-07,2.105,2.13,2.1,2.115,62285
2019-11-08,2.12,2.14,2.09,2.135,155744
2019-11-12,2.23,2.285,2.19,2.22,617264
2019-11-13,2.23,2.235,2.15,2.16,232870
2019-11-14,2.15,2.19,2.14,2.18,96926
2019-11-15,2.185,2.27,2.14,2.25,238219
2019-11-18,2.28,2.28,2.21,2.23,197948
2019-11-19,2.255,2.255,2.15,2.155,257949
2019-11-20,2.22,2.235,2.19,2.2,123137
2019-11-21,2.22,2.24,2.165,2.17,161016
2019-11-22,2.16,2.195,2.155,2.18,59029
2019-11-25,2.18,2.18,2.145,2.165,166244
2019-11-26,2.145,2.17,2.13,2.135,95428
2019-11-27,2.15,2.15,2.125,2.135,73004
2019-11-28,2.135,2.16,2.13,2.15,84797
2019-11-29,2.155,2.17,2.14,2.15,43973
2019-12-02,2.15,2.19,2.13,2.15,103118
2019-12-03,2.15,2.165,2.105,2.13,106436
2019-12-04,2.145,2.15,2.11,2.12,123396
2019-12-05,2.11,2.15,2.085,2.1,219004
2019-12-06,2.11,2.12,2.03,2.105,284360
2019-12-09,2.1,2.1,2.07,2.095,121029
2019-12-10,2.1,2.145,2.085,2.1,150196
2019-12-11,2.125,2.125,2.08,2.08,65540
2019-12-12,2.1,2.105,2.08,2.095,44203
2019-12-13,2.095,2.1,2.08,2.08,132694
2019-12-16,2.08,2.1,2.075,2.085,221614
2019-12-17,2.08,2.09,2.075,2.08,110035
2019-12-18,2.08,2.085,2.06,2.07,87967
2019-12-19,2.06,2.065,2.03,2.04,196588
2019-12-20,2.03,2.065,2.01,2.01,338642
2019-12-23,2.015,2.235,2.015,2.205,770217
2019-12-27,2.2,2.245,2.15,2.15,244909
2019-12-30,2.15,2.16,2.13,2.155,46287
2020-01-02,2.16,2.18,2.08,2.135,337435
2020-01-03,2.085,2.38,2.085,2.28,1082327
2020-01-07,2.35,2.64,2.34,2.61,1980027
2020-01-08,2.625,2.65,2.5,2.52,776355
2020-01-09,2.545,2.65,2.435,2.63,861532
2020-01-10,2.67,2.68,2.55,2.57,406113
2020-01-13,2.6,2.61,2.46,2.46,291732
2020-01-14,2.485,2.52,2.445,2.475,180329
2020-01-15,2.455,2.525,2.455,2.49,126334
2020-01-16,2.47,2.525,2.46,2.495,123460
2020-01-17,2.495,2.65,2.465,2.51,355091
2020-01-20,2.51,2.57,2.5,2.53,109797
2020-01-21,2.54,2.56,2.475,2.53,168633
2020-01-22,2.51,2.51,2.45,2.48,76839
2020-01-23,2.47,2.475,2.34,2.375,313439
2020-01-24,2.375,2.4,2.3,2.32,246701
2020-01-27,2.3,2.34,2.21,2.215,175130
2020-01-28,2.22,2.32,2.22,2.29,208636
2020-01-29,2.33,2.385,2.27,2.385,208228
2020-01-30,2.385,2.59,2.35,2.58,713411
2020-01-31,2.6,2.64,2.39,2.425,745354
2020-02-03,2.375,2.48,2.36,2.46,310778
2020-02-04,2.475,2.485,2.4,2.4,105066
2020-02-05,2.4,2.4,2.33,2.365,220602
2020-02-06,2.345,2.37,2.305,2.34,154909
2020-02-07,2.3,2.3,2.265,2.28,351520
2020-02-10,2.28,2.4,2.23,2.3,233907
2020-02-11,2.34,2.34,2.26,2.28,103355
2020-02-12,2.28,2.32,2.275,2.29,27841
2020-02-13,2.29,2.31,2.275,2.275,39825
2020-02-14,2.31,2.37,2.27,2.28,228609
2020-02-17,2.305,2.34,2.24,2.285,88386
2020-02-18,2.25,2.28,2.21,2.21,147420
2020-02-19,2.22,2.24,2.135,2.17,158189
2020-02-20,2.18,2.18,2.135,2.17,49215
2020-02-21,2.17,2.2,2.135,2.16,37998
2020-02-24,2.14,2.14,2.015,2.015,272377
2020-02-25,2.01,2.085,2.005,2.01,232388
2020-02-26,2,2.015,1.858,1.91,434267
2020-02-27,1.9,1.9,1.71,1.72,316080
2020-02-28,1.55,1.65,1.494,1.608,915333
2020-03-02,1.65,1.69,1.61,1.65,262002
2020-03-03,1.69,1.814,1.69,1.792,187364
2020-03-04,1.756,1.76,1.7,1.73,116353
2020-03-05,1.8,1.8,1.72,1.75,46671
2020-03-06,1.65,1.796,1.65,1.756,332219
2020-03-09,1.65,1.686,1.562,1.578,315669
2020-03-10,1.59,1.618,1.544,1.57,177646
2020-03-11,1.58,1.586,1.372,1.426,502876
2020-03-12,1.36,1.38,1.16,1.17,751369
2020-03-13,1.15,1.29,1.15,1.2,401938
2020-03-16,1.22,1.294,1.16,1.282,687822
2020-03-17,1.284,1.38,1.252,1.358,411868
2020-03-18,1.378,1.386,1.302,1.328,206095
2020-03-19,1.348,1.398,1.314,1.37,298564
2020-03-20,1.38,1.454,1.366,1.37,542320
2020-03-23,1.326,1.362,1.282,1.316,215222
2020-03-24,1.34,1.38,1.3,1.3,146824
2020-03-25,1.33,1.33,1.27,1.3,128780
2020-03-26,1.3,1.35,1.28,1.35,132347
2020-03-27,1.35,1.35,1.31,1.33,67880
2020-03-30,1.368,1.368,1.306,1.336,154344
2020-03-31,1.334,1.356,1.282,1.314,252878
2020-04-01,1.314,1.314,1.266,1.29,92204
2020-04-02,1.294,1.31,1.266,1.298,94743
2020-04-03,1.3,1.3,1.25,1.28,116543
2020-04-06,1.3,1.348,1.274,1.328,538729
2020-04-07,1.35,1.45,1.332,1.42,619803
2020-04-08,1.448,1.45,1.4,1.428,210716
2020-04-09,1.438,1.52,1.41,1.518,354166
2020-04-14,1.51,1.75,1.51,1.73,743478
2020-04-15,1.8,1.808,1.71,1.798,468248
2020-04-16,1.83,2.11,1.8,2.075,787618
2020-04-17,2.28,2.445,2.115,2.14,1494959
2020-04-20,2.225,2.225,2,2.03,540735
2020-04-21,2.005,2.03,1.806,1.848,540055
2020-04-22,1.83,1.95,1.83,1.94,278733
2020-04-23,1.93,2,1.9,2,143144
2020-04-24,1.988,2.025,1.96,1.98,89362
2020-04-27,2.02,2.08,1.99,2.01,178526
2020-04-28,1.99,2.03,1.932,1.96,93725
2020-04-29,1.966,1.966,1.92,1.93,71147
2020-04-30,1.95,1.954,1.9,1.91,78984
2020-05-04,1.9,1.9,1.862,1.89,79759
2020-05-05,1.902,1.94,1.85,1.91,137692
2020-05-06,1.928,1.928,1.846,1.878,96388
2020-05-07,1.846,1.95,1.846,1.938,118362
2020-05-08,1.94,1.996,1.922,1.978,145424
2020-05-11,1.996,2.03,1.924,1.934,65143
2020-05-12,1.96,2.05,1.92,2.02,187446
2020-05-13,1.98,2.02,1.95,1.954,87968
2020-05-14,1.94,1.95,1.89,1.92,125974
2020-05-15,1.93,1.958,1.91,1.936,63459
2020-05-18,2.05,2.31,2.05,2.205,1794755
2020-05-19,2.2,2.415,2.18,2.335,1064856
2020-05-20,2.345,2.385,2.28,2.34,387106
2020-05-21,2.39,2.39,2.29,2.32,166499
2020-05-22,2.32,2.32,2.22,2.26,172647
2020-05-25,2.235,2.35,2.16,2.3,367474
2020-05-26,2.35,2.36,2.27,2.28,409201
2020-05-27,2.3,2.3,2.225,2.26,370682
2020-05-28,2.27,2.38,2.26,2.315,587004
2020-05-29,2.3,2.32,2.225,2.295,152683
2020-06-01,2.32,2.57,2.32,2.55,1386908
2020-06-02,2.58,2.73,2.475,2.7,1005879
2020-06-03,2.725,2.735,2.57,2.615,616668
2020-06-04,2.61,2.61,2.465,2.55,614877
2020-06-05,2.57,2.625,2.46,2.575,443355
2020-06-08,2.6,2.61,2.45,2.46,633590
2020-06-09,2.48,2.6,2.43,2.6,383171
2020-06-10,2.6,2.78,2.57,2.72,1378161
2020-06-12,2.55,2.785,2.52,2.6,943188
2020-06-15,2.6,2.64,2.485,2.555,251347
2020-06-16,2.59,2.68,2.55,2.65,230970
2020-06-17,2.7,2.7,2.57,2.61,225034
2020-06-18,2.64,2.64,2.55,2.6,199206
2020-06-19,2.655,2.845,2.585,2.71,1498033
2020-06-22,2.72,2.85,2.71,2.74,815546
2020-06-23,2.75,2.81,2.71,2.715,423461
2020-06-24,2.73,2.79,2.715,2.745,296191
2020-06-25,2.735,2.735,2.62,2.67,231981
2020-06-26,2.715,2.72,2.6,2.6,129267
2020-06-29,2.585,2.6,2.505,2.53,129170
2020-06-30,2.55,2.59,2.505,2.505,120553
2020-07-01,2.55,2.55,2.495,2.55,90346
2020-07-02,2.58,2.695,2.56,2.68,234395
2020-07-03,2.695,2.695,2.625,2.685,45274
2020-07-06,2.65,2.765,2.64,2.72,255647
2020-07-07,2.72,2.72,2.63,2.63,96288
2020-07-08,2.64,2.74,2.625,2.64,379852
2020-07-09,2.64,2.83,2.63,2.7,809217
2020-07-10,2.695,2.72,2.63,2.7,278869
2020-07-13,2.8,2.85,2.725,2.77,608692
2020-07-14,2.77,2.77,2.6,2.625,477615
2020-07-15,2.61,2.65,2.52,2.555,742394
2020-07-16,2.55,2.575,2.47,2.5,538052
2020-07-17,2.49,2.525,2.46,2.49,250821
2020-07-20,2.49,2.5,2.33,2.415,725676
2020-07-21,2.435,2.51,2.385,2.445,564304
2020-07-22,2.49,2.495,2.41,2.42,219519
2020-07-23,2.445,2.445,2.33,2.345,371842
2020-07-24,2.34,2.34,2.255,2.28,272714
2020-07-27,2.32,2.375,2.28,2.29,250542
2020-07-28,2.3,2.49,2.26,2.36,699013
2020-07-29,2.375,2.39,2.28,2.29,347318
2020-07-30,2.3,2.305,2.1,2.11,516236
2020-07-31,2.11,2.245,2.11,2.205,487379
2020-08-03,2.22,2.305,2.165,2.25,231557
2020-08-04,2.285,2.3,2.18,2.2,209048
2020-08-05,2.2,2.235,2.19,2.21,151848
2020-08-06,2.22,2.23,2.12,2.185,123730
2020-08-07,2.185,2.185,2.11,2.145,186221
2020-08-10,2.15,2.185,2.11,2.145,88409
2020-08-11,2.16,2.2,2.125,2.16,97446
2020-08-12,2.16,2.16,2.06,2.1,150182
2020-08-13,2.06,2.18,2.05,2.165,225649
2020-08-14,2.175,2.24,2.12,2.22,231678
2020-08-17,2.23,2.39,2.23,2.33,334576
2020-08-18,2.35,2.37,2.28,2.28,133771
2020-08-19,2.28,2.315,2.245,2.26,105837
2020-08-20,2.285,2.3,2.19,2.2,160407
2020-08-21,2.295,2.295,2.23,2.27,46934
2020-08-24,2.36,2.435,2.325,2.4,614654
2020-08-25,2.41,2.425,2.33,2.355,182109
2020-08-26,2.37,2.38,2.255,2.32,194813
2020-08-27,2.32,2.32,2.255,2.305,69103
2020-08-28,2.305,2.335,2.26,2.26,47699
2020-08-31,2.3,2.3,2.25,2.275,58301
2020-09-01,2.25,2.28,2.13,2.15,234476
2020-09-02,2.15,2.175,2.115,2.14,157131
2020-09-03,2.12,2.24,2.12,2.17,181477
2020-09-04,2.15,2.22,2.11,2.11,205301
2020-09-07,2.115,2.165,2.115,2.165,154819
2020-09-08,2.175,2.175,2.03,2.055,362412
2020-09-09,2.06,2.1,1.9,2.02,270054
2020-09-10,2.02,2.08,2.015,2.03,221312
2020-09-11,2.055,2.11,2.005,2.04,176149
2020-09-14,2.025,2.04,1.986,2.02,273562
2020-09-15,2.025,2.025,1.98,2,237475
2020-09-16,2.05,2.085,2.005,2.08,269999
2020-09-17,2.075,2.075,2,2,203706
2020-09-18,2,2.07,2,2.005,226911
2020-09-21,2.02,2.065,1.972,2,216680
2020-09-22,2,2.065,2,2.005,89583
2020-09-23,2.03,2.035,1.902,1.902,279453
2020-09-24,1.91,1.95,1.906,1.906,68347
2020-09-25,1.92,1.95,1.902,1.95,115765
2020-09-28,1.96,2.095,1.92,2.08,262217
2020-09-29,2.08,2.095,2.035,2.075,105984
2020-09-30,2.09,2.095,2.035,2.09,97398
2020-10-01,2.06,2.095,2.04,2.065,152654
2020-10-02,2.04,2.06,2,2.025,146134
2020-10-05,2.025,2.05,1.98,2.005,216950
2020-10-06,2.03,2.245,2,2.205,694005
2020-10-07,2.22,2.31,2.145,2.25,909384
2020-10-08,2.25,2.345,2.205,2.24,402475
2020-10-09,2.24,2.24,2.12,2.18,568178
2020-10-12,2.16,2.23,2.155,2.23,80102
2020-10-13,2.23,2.34,2.155,2.21,265968
2020-10-14,2.21,2.215,2.15,2.185,197027
2020-10-15,2.18,2.18,2.03,2.055,390923
2020-10-16,2.055,2.095,1.986,2.075,219827
2020-10-19,2.09,2.09,2.04,2.06,71355
2020-10-20,2.05,2.08,2.01,2.05,77901
2020-10-21,2.04,2.05,1.984,2,125196
2020-10-22,2.02,2.035,1.96,1.988,78239
2020-10-23,2,2.015,1.972,1.998,89869
2020-10-26,1.97,1.98,1.948,1.978,109073
2020-10-27,1.962,1.986,1.93,1.95,73565
2020-10-28,1.93,1.93,1.7,1.7,608580
2020-10-29,1.664,1.728,1.64,1.7,242739
2020-10-30,1.68,1.718,1.636,1.716,124950
2020-11-02,1.692,1.774,1.692,1.744,170336
2020-11-03,1.79,1.866,1.78,1.854,666414
2020-11-04,1.848,1.852,1.77,1.8,129564
2020-11-05,1.848,1.868,1.82,1.85,219629
2020-11-06,1.866,1.914,1.81,1.856,247235
2020-11-09,1.86,2.04,1.86,2.035,358490
2020-11-10,2.03,2.12,1.992,2.07,218874
2020-11-12,2.07,2.17,2.055,2.15,249000
2020-11-13,2.165,2.185,2.135,2.18,104237
2020-11-16,2.2,2.34,2.195,2.26,374523
2020-11-17,2.34,2.37,2.28,2.315,272635
2020-11-18,2.3,2.3,2.21,2.28,151992
2020-11-19,2.27,2.285,2.22,2.275,249372
2020-11-20,2.31,2.46,2.28,2.375,674029
2020-11-23,2.44,2.45,2.32,2.32,358198
2020-11-24,2.33,2.33,2.265,2.29,126521
2020-11-25,2.31,2.31,2.235,2.29,122430
2020-11-26,2.295,2.295,2.23,2.245,130607
2020-11-27,2.245,2.27,2.215,2.265,208096
2020-11-30,2.265,2.265,2.165,2.21,195114
2020-12-01,2.2,2.245,2.19,2.2,103728
2020-12-02,2.225,2.31,2.2,2.245,180617
2020-12-03,2.27,2.27,2.21,2.24,76101
2020-12-04,2.24,2.275,2.235,2.24,75499
2020-12-07,2.24,2.255,2.19,2.235,223235
2020-12-08,2.23,2.24,2.195,2.24,226029
2020-12-09,2.25,2.35,2.25,2.34,660809
2020-12-10,2.34,2.49,2.32,2.43,540803
2020-12-11,2.435,2.495,2.37,2.4,230758
2020-12-14,2.41,2.485,2.35,2.47,333574
2020-12-15,2.48,2.54,2.43,2.48,522622
2020-12-16,2.525,2.565,2.49,2.52,352731
2020-12-17,2.535,2.575,2.35,2.41,509031
2020-12-18,2.39,2.455,2.28,2.28,407485
2020-12-21,2.28,2.36,2.21,2.3,441029
2020-12-22,2.3,2.35,2.3,2.32,181953
2020-12-23,2.35,2.35,2.29,2.3,305612
2020-12-28,2.31,2.35,2.23,2.34,887308
2020-12-29,2.45,2.99,2.45,2.99,3460888
2020-12-30,3.15,3.74,3.01,3.72,5843925
2021-01-04,3.82,4.58,3.82,4.53,6095423
2021-01-05,4.3,4.94,4.01,4.205,8014365
2021-01-07,4.45,4.66,4.07,4.29,3630104
2021-01-08,4.43,4.43,4.08,4.105,1165079
2021-01-11,4.01,4.035,3.76,3.81,2136338
2021-01-12,3.805,4.6,3.805,4.6,5692760
2021-01-13,4.9,5.14,4.69,4.89,6281338
2021-01-14,4.8,4.97,4.465,4.6,2519350
2021-01-15,4.64,4.77,4.43,4.49,1113410
2021-01-18,4.44,5.24,4.3,5.2,4090042
2021-01-19,5.16,5.35,4.95,4.965,3419034
2021-01-20,5.01,5.09,4.86,4.91,1381654
2021-01-21,4.96,5.05,4.635,4.68,1156301
2021-01-22,4.585,4.875,4.58,4.745,930259
2021-01-25,4.865,4.96,4.71,4.84,955926
2021-01-26,4.8,4.84,4.595,4.66,781203
2021-01-27,4.65,4.69,4.19,4.325,1946379
2021-01-28,4.255,4.6,4.12,4.57,1642468
2021-01-29,4.485,4.5,4.35,4.385,494608
2021-02-01,4.375,4.445,4.26,4.31,512161
2021-02-02,4.305,4.95,4.29,4.77,2208254
2021-02-03,4.77,4.895,4.54,4.57,962275
2021-02-04,4.6,4.63,4.38,4.4,784322
2021-02-05,4.46,4.57,4.365,4.56,393331
2021-02-08,4.61,4.68,4.44,4.565,363103
2021-02-09,4.585,4.93,4.46,4.8,1205633
2021-02-10,4.845,5.2,4.81,4.9,3119137
2021-02-11,4.925,5.05,4.87,4.95,1073526
2021-02-12,4.95,5,4.8,4.9,597696
2021-02-15,4.94,5.65,4.93,5.62,4280379
2021-02-16,5.68,5.89,5.34,5.38,3282705
2021-02-17,5.38,5.56,5.23,5.33,1297683
2021-02-18,5.35,5.87,5.33,5.55,3351205
2021-02-19,5.62,5.72,5.47,5.59,740887
2021-02-22,5.64,5.82,5.45,5.7,848476
2021-02-23,5.82,5.82,5.34,5.58,1476883
2021-02-24,5.5,5.66,5.44,5.53,526980
2021-02-25,5.63,5.73,5.42,5.45,523405
2021-02-26,5.3,5.43,5.26,5.37,649562
2021-03-01,5.49,6.2,5.46,6.08,1857319
2021-03-02,6.21,6.47,6.01,6.1,3023053
2021-03-03,6.1,6.18,5.7,5.7,1738891
2021-03-04,5.7,5.87,5.46,5.75,1414561
2021-03-05,5.74,5.97,5.65,5.9,717012
2021-03-08,5.91,6.22,5.83,6.02,1134250
2021-03-09,6.05,6.1,5.9,6.02,645238
2021-03-10,6.02,6.07,5.77,5.8,894634
2021-03-11,5.88,5.88,5.52,5.8,953832
2021-03-12,5.8,5.89,5.66,5.72,372424
2021-03-15,5.71,5.92,5.6,5.72,787901
2021-03-16,5.7,5.7,5.55,5.56,598884
2021-03-17,5.52,5.63,5.2,5.45,1653912
2021-03-18,5.48,5.51,5.34,5.45,316512
2021-03-19,5.36,5.39,5.15,5.21,531034
2021-03-22,5.22,5.66,5.15,5.6,1129556
2021-03-23,5.58,5.65,5.41,5.48,328956
2021-03-24,5.47,5.47,5.25,5.32,410693
2021-03-25,5.35,5.4,5.15,5.19,367493
2021-03-26,5.29,5.45,5.21,5.41,377858
2021-03-29,5.45,5.54,5.3,5.3,366846
2021-03-30,5.3,5.35,5.23,5.25,191822
2021-03-31,5.23,5.28,5.17,5.2,155185
2021-04-01,5.27,5.69,5.19,5.65,775998
2021-04-06,5.73,5.96,5.7,5.94,966584
2021-04-07,6,6,5.73,5.78,644766
2021-04-08,5.79,5.87,5.55,5.68,378232
2021-04-09,5.64,5.88,5.59,5.73,464394
2021-04-12,5.71,6.17,5.65,6.15,1302922
2021-04-13,6.16,6.28,5.9,5.92,1058826
2021-04-14,5.96,6.08,5.85,5.95,544314
2021-04-15,5.95,6.07,5.95,6.03,188625
2021-04-16,6.03,6.17,5.95,5.98,432569
2021-04-19,6,6.16,5.98,6.04,439707
2021-04-20,6.02,6.05,5.65,5.77,544092
2021-04-21,5.72,5.76,5.57,5.66,297359
2021-04-22,5.7,5.85,5.66,5.77,241993
2021-04-23,5.79,5.79,5.68,5.71,198776
2021-04-26,5.8,6.04,5.72,5.98,348459
2021-04-27,5.99,6.07,5.75,5.83,295935
2021-04-28,5.84,5.94,5.74,5.88,218000
2021-04-29,5.96,5.96,5.65,5.7,746801
2021-04-30,5.75,5.77,5.5,5.54,502289
2021-05-04,5.55,5.58,5.41,5.42,316913
2021-05-05,5.45,5.58,5.45,5.47,210163
2021-05-06,5.52,5.54,5.25,5.26,443647
2021-05-07,5.32,5.48,5.25,5.4,499839
2021-05-10,5.43,5.54,5.32,5.4,325681
2021-05-11,5.36,5.41,5.28,5.34,245285
2021-05-12,5.34,5.37,5.15,5.24,305344
2021-05-13,5.22,5.37,5.16,5.34,229935
2021-05-14,5.4,5.46,5.31,5.34,140986
2021-05-17,5.37,5.43,5.24,5.35,129010
2021-05-18,5.38,5.48,5.28,5.38,170420
2021-05-19,5.31,5.35,5.24,5.26,166552
2021-05-20,5.28,5.42,5.28,5.33,124777
2021-05-21,5.3,5.31,5.25,5.27,129117
2021-05-24,5.27,5.27,4.85,5.05,629786
2021-05-25,5,5.04,4.6,4.64,1196788
2021-05-26,4.65,4.78,4.55,4.65,483386
2021-05-27,4.67,4.73,4.6,4.69,212030
2021-05-28,4.625,4.84,4.625,4.75,309322
2021-05-31,4.82,4.91,4.755,4.8,213773
2021-06-01,4.85,4.875,4.79,4.81,130027
2021-06-02,4.8,5.1,4.8,4.945,543988
2021-06-04,4.945,4.945,4.825,4.87,141804
2021-06-07,4.825,4.865,4.75,4.83,199082
2021-06-08,4.83,4.845,4.71,4.745,238843
2021-06-09,4.705,4.82,4.68,4.74,152551
2021-06-10,4.75,4.77,4.64,4.69,160951
2021-06-11,4.67,4.74,4.62,4.68,116978
2021-06-14,4.7,4.84,4.65,4.78,185570
2021-06-15,4.805,4.84,4.7,4.705,162642
2021-06-16,4.72,4.745,4.68,4.7,90848
2021-06-17,4.7,4.7,4.56,4.615,215135
2021-06-18,4.625,4.625,4.365,4.365,451429
2021-06-21,4.38,4.5,4.21,4.485,359067
2021-06-22,4.52,4.56,4.455,4.525,90295
2021-06-23,4.595,4.87,4.59,4.72,745193
2021-06-24,4.795,4.8,4.69,4.73,99020
2021-06-25,4.71,4.775,4.6,4.645,168456
2021-06-28,4.6,4.655,4.515,4.625,88620
2021-06-29,4.635,4.64,4.22,4.49,247761
2021-06-30,4.455,4.49,4.35,4.39,135218
2021-07-01,4.35,4.46,4.305,4.33,357997
2021-07-02,4.315,4.44,4.305,4.41,110147
2021-07-05,4.425,4.47,4.33,4.36,89551
2021-07-06,4.39,4.39,4.275,4.28,68265
2021-07-07,4.27,4.3,4.245,4.28,142239
2021-07-08,4.3,4.34,4.27,4.29,51170
2021-07-09,4.315,4.44,4.27,4.38,171045
2021-07-12,4.39,4.48,4.25,4.28,143117
2021-07-13,4.275,4.345,4.23,4.23,112019
2021-07-14,4.24,4.315,4.21,4.27,54289
2021-07-15,4.315,4.41,4.27,4.37,92518
2021-07-16,4.375,4.375,4.285,4.32,47538
2021-07-19,4.31,4.35,4.14,4.15,308487
2021-07-20,4.11,4.295,4.1,4.22,219083
2021-07-21,4.25,4.285,4.17,4.23,173366
2021-07-22,4.2,4.72,4.19,4.45,662572
2021-07-23,4.45,4.57,4.43,4.46,112384
2021-07-26,4.45,4.49,4.38,4.435,103296
2021-07-27,4.46,4.46,4.285,4.285,129151
2021-07-28,4.25,4.495,4.25,4.385,252416
2021-07-29,4.41,4.58,4.385,4.545,337274
2021-07-30,4.53,4.66,4.48,4.555,164000
2021-08-02,4.58,4.62,4.47,4.51,80054
2021-08-03,4.53,4.56,4.44,4.44,121315
2021-08-04,4.44,4.65,4.44,4.525,141919
2021-08-05,4.515,4.995,4.515,4.88,1008725
2021-08-06,4.9,4.95,4.78,4.9,256220
2021-08-09,4.905,5.19,4.905,5.04,573705
2021-08-10,5.05,5.2,5,5.03,353476
2021-08-11,5,5.09,4.94,5.02,190618
2021-08-12,5.02,5.06,4.81,4.93,324055
2021-08-13,4.98,5.05,4.93,4.945,112257
2021-08-16,4.94,5.03,4.85,4.85,141372
2021-08-17,4.85,4.97,4.72,4.87,234352
2021-08-18,4.87,4.96,4.75,4.8,216874
2021-08-19,4.82,4.88,4.615,4.73,277694
2021-08-20,4.74,4.925,4.63,4.86,245060
2021-08-23,5.03,5.3,5.03,5.23,985761
2021-08-24,5.2,5.22,5.1,5.15,255172
2021-08-25,5.15,5.2,5.07,5.14,230257
2021-08-26,5.12,5.3,5.09,5.12,400257
2021-08-27,5.1,5.14,5.03,5.05,195407
2021-08-30,5.05,5.13,4.945,4.945,417937
2021-08-31,5.06,5.06,4.945,4.95,275856
2021-09-01,4.95,5.38,4.95,5.32,1462322
2021-09-02,5.3,5.36,5.22,5.23,247922
2021-09-03,5.23,5.3,5.19,5.22,121357
2021-09-06,5.22,5.28,5.16,5.24,225119
2021-09-07,5.23,5.38,5.22,5.32,281115
2021-09-08,5.3,5.32,5.18,5.22,236879
2021-09-09,5.23,5.58,5.13,5.47,993262
2021-09-10,5.47,5.63,5.42,5.54,537224
2021-09-13,5.54,5.63,5.49,5.58,280528
2021-09-14,5.6,5.75,5.5,5.71,517145
2021-09-15,5.75,5.9,5.44,5.53,635322
2021-09-16,5.5,5.64,5.28,5.28,809881
2021-09-17,5.29,5.43,5.22,5.22,764922
2021-09-20,5.22,5.22,4.65,4.78,1454181
2021-09-21,4.82,4.88,4.62,4.64,693729
2021-09-22,4.68,4.835,4.68,4.79,360221
2021-09-23,4.845,4.97,4.72,4.75,570074
2021-09-24,4.725,4.765,4.67,4.69,227839
2021-09-27,4.71,4.745,4.55,4.655,283800
2021-09-28,4.655,4.75,4.52,4.585,256756
2021-09-29,4.53,4.59,4.46,4.56,190497
2021-09-30,4.53,4.695,4.5,4.555,392005
2021-10-01,4.5,4.63,4.5,4.54,240368
2021-10-04,4.555,4.59,4.5,4.54,181810
2021-10-05,4.54,4.585,4.505,4.56,144493
2021-10-06,4.575,4.935,4.465,4.795,1131437
2021-10-07,4.78,4.78,4.53,4.6,264804
2021-10-08,4.6,4.61,4.54,4.56,261151
2021-10-11,4.53,4.6,4.515,4.525,177497
2021-10-12,4.53,4.675,4.53,4.57,264115
2021-10-13,4.6,4.715,4.58,4.64,376589
2021-10-14,4.68,4.695,4.56,4.57,223353
2021-10-15,4.595,4.595,4.52,4.57,123805
2021-10-18,4.59,4.6,4.52,4.53,103860
2021-10-19,4.53,4.58,4.51,4.535,97232
2021-10-20,4.52,4.57,4.47,4.48,140582
2021-10-21,4.5,4.525,4.43,4.435,174154
2021-10-22,4.425,4.435,4.34,4.42,164694
2021-10-25,4.45,4.53,4.38,4.42,132054
2021-10-26,4.47,4.47,4.32,4.325,127876
2021-10-27,4.32,4.39,4.3,4.34,133147
2021-10-28,4.355,4.385,4.315,4.355,101760
2021-10-29,4.405,4.455,4.365,4.37,115960
2021-11-02,4.36,4.495,4.36,4.405,222933
2021-11-03,4.465,4.54,4.37,4.43,111390
2021-11-04,4.42,4.46,4.39,4.44,99889
2021-11-05,4.44,4.6,4.43,4.585,410768
2021-11-08,4.64,4.64,4.505,4.52,329701
2021-11-09,4.515,4.545,4.4,4.42,161074
2021-11-10,4.41,4.57,4.4,4.415,152908
2021-11-12,4.41,4.6,4.41,4.57,261411
2021-11-15,4.6,4.64,4.355,4.41,435764
2021-11-16,4.445,4.5,4.36,4.425,117219
2021-11-17,4.42,4.585,4.42,4.57,248369
2021-11-18,4.505,4.55,4.4,4.42,151453
2021-11-19,4.46,4.46,4.02,4.19,761520
2021-11-22,4.2,4.345,4.2,4.26,211037
2021-11-23,4.25,4.3,4.12,4.2,210514
2021-11-24,4.22,4.24,4.165,4.195,49673
2021-11-25,4.2,4.24,4.165,4.2,45797
2021-11-26,4.155,4.17,3.9,3.935,499216
2021-11-29,3.915,4.03,3.75,3.98,328661
2021-11-30,3.93,4.24,3.85,4.24,313110
2021-12-01,4.6,4.645,4.235,4.29,965774
2021-12-02,4.26,4.42,4.15,4.235,281528
2021-12-03,4.315,4.315,4.195,4.2,141321
2021-12-06,4.485,4.485,4.26,4.275,177795
2021-12-07,4.29,4.36,4.2,4.26,150662
2021-12-08,4.26,4.3,4.18,4.265,264607
2021-12-09,4.27,4.35,4.16,4.18,152310
2021-12-10,4.185,4.28,4.17,4.22,100987
2021-12-13,4.22,4.23,4.07,4.07,413885
2021-12-14,4.06,4.08,3.96,4,271401
2021-12-15,4.015,4.015,3.85,3.9,299196
2021-12-16,3.88,4.02,3.88,3.995,144541
2021-12-17,3.965,3.99,3.9,3.9,121123
2021-12-20,3.9,3.94,3.75,3.9,471680
2021-12-21,3.91,3.91,3.785,3.815,530355
2021-12-22,3.785,3.86,3.775,3.79,184379
2021-12-23,3.79,3.84,3.63,3.63,510213
2021-12-27,3.65,3.67,3.37,3.45,1710978
2021-12-28,3.405,3.665,3.4,3.65,874188
2021-12-29,3.68,4.08,3.68,3.97,572811
2021-12-30,3.97,3.98,3.85,3.9,181777
2022-01-03,3.89,4.04,3.85,4.01,151199
2022-01-04,4.02,4.2,3.865,4.2,807108
2022-01-05,4.38,4.45,4.24,4.375,586728
2022-01-07,4.375,4.44,4.275,4.395,249068
2022-01-10,4.335,4.42,4.3,4.33,171031
2022-01-11,4.375,4.4,4.305,4.365,105382
2022-01-12,4.38,4.395,4.21,4.29,408572
2022-01-13,4.33,4.385,4.26,4.26,211899
2022-01-14,4.26,4.27,4.19,4.22,144900
2022-01-17,4.2,4.23,4.11,4.23,201964
2022-01-18,4.225,4.225,4.13,4.14,114980
2022-01-19,4.13,4.13,3.94,3.99,391200
2022-01-20,3.92,3.975,3.85,3.88,232479
2022-01-21,3.925,3.925,3.74,3.91,260616
2022-01-24,3.92,3.92,3.25,3.56,742855
2022-01-25,3.58,3.695,3.55,3.605,271463
2022-01-26,3.6,3.78,3.6,3.75,181331
2022-01-27,3.74,3.775,3.66,3.705,144482
2022-01-28,3.75,3.75,3.64,3.65,72205
2022-01-31,3.74,3.775,3.63,3.7,93699
2022-02-01,3.75,3.76,3.69,3.735,69779
2022-02-02,3.74,3.94,3.715,3.85,195382
2022-02-03,3.825,3.895,3.765,3.78,146197
2022-02-04,3.765,3.84,3.735,3.785,77975
2022-02-07,3.75,3.8,3.73,3.745,36579
2022-02-08,3.75,3.82,3.71,3.735,50198
2022-02-09,3.74,3.82,3.73,3.76,59462
2022-02-10,3.735,3.79,3.72,3.72,136211
2022-02-11,3.72,3.75,3.67,3.71,99650
2022-02-14,3.6,3.6,3.41,3.46,434148
2022-02-15,3.44,3.585,3.44,3.52,172980
2022-02-16,3.545,3.59,3.465,3.535,101757
2022-02-17,3.535,3.58,3.33,3.33,232797
2022-02-18,3.24,3.465,3.24,3.36,179382
2022-02-21,3.355,3.425,3.16,3.16,441329
2022-02-22,3.01,3.3,3,3.285,309576
2022-02-23,3.285,3.46,3.165,3.23,267928
2022-02-24,2.98,3,2.5,2.72,1109422
2022-02-25,2.775,3.07,2.74,2.97,734127
2022-02-28,2.905,3.19,2.9,3.165,213575
2022-03-01,3.16,3.3,3.11,3.15,283665
2022-03-02,3.15,3.23,3.07,3.105,552920
2022-03-03,3.13,3.19,2.905,3.05,493451
2022-03-04,3.05,3.05,2.9,2.93,302179
2022-03-07,2.89,3.05,2.8,2.98,389381
2022-03-08,2.98,3.05,2.95,2.985,235566
2022-03-09,3.005,3.125,3.005,3.07,159971
2022-03-10,3.125,3.125,3.03,3.09,128567
2022-03-11,3.1,3.195,3.055,3.16,138327
2022-03-14,3.17,3.24,3.1,3.185,168186
2022-03-15,3.145,3.26,3.115,3.255,107612
2022-03-16,3.265,3.34,3.14,3.15,222775
2022-03-17,3.15,3.2,3.105,3.12,195056
2022-03-18,3.17,3.19,3.115,3.115,154093
2022-03-21,3.17,3.9,3.16,3.83,1221767
2022-03-22,3.87,3.945,3.61,3.73,767824
2022-03-23,3.765,4.465,3.75,4.38,2404227
2022-03-24,4.34,4.34,4.07,4.2,867657
2022-03-25,4.33,4.46,4.1,4.18,784348
2022-03-28,4.21,4.24,4.08,4.095,250116
2022-03-29,4.1,4.12,3.92,3.95,441047
2022-03-30,3.965,4.05,3.91,3.98,226872
2022-03-31,4.02,4.28,3.95,4.16,599500
2022-04-01,4.19,4.2,4.06,4.145,199667
2022-04-04,4.14,4.18,4.01,4.05,245278
2022-04-05,4.05,4.235,4.02,4.12,354668
2022-04-06,4.13,4.15,3.95,3.98,160919
2022-04-07,4.08,4.08,3.905,3.96,86521
2022-04-08,4,4.04,3.87,3.88,139538
2022-04-11,3.865,3.98,3.81,3.95,124130
2022-04-12,3.93,3.96,3.895,3.915,55064
2022-04-13,4,4.16,3.95,4.07,161525
2022-04-14,4.04,4.086,4.01,4.02,76397
2022-04-19,4.05,4.078,3.94,4.02,112710
2022-04-20,4.058,4.058,3.952,3.978,43700
2022-04-21,3.956,4.06,3.902,3.942,87836
2022-04-22,3.91,4.04,3.91,3.996,106528
2022-04-25,4,4.05,3.82,3.83,242820
2022-04-26,3.884,3.97,3.65,3.68,241600
2022-04-27,3.66,3.74,3.56,3.6,160263
2022-04-28,3.6,3.684,3.57,3.57,81907
2022-04-29,3.6,3.632,3.522,3.53,104215
2022-05-02,3.576,3.576,3.41,3.412,99067
2022-05-04,3.412,3.568,3.41,3.56,141949
2022-05-05,3.61,3.658,3.54,3.586,111644
2022-05-06,3.5,3.53,3.36,3.49,201134
2022-05-09,3.496,3.496,3.262,3.29,174383
2022-05-10,3.29,3.298,3.14,3.25,150807
2022-05-11,3.27,3.31,3.18,3.252,64226
2022-05-12,3.25,3.252,3.162,3.18,192741
2022-05-13,3.22,3.42,3.22,3.362,177673
2022-05-16,3.39,3.528,3.354,3.49,119368
2022-05-17,3.5,3.68,3.49,3.546,125562
2022-05-18,3.592,3.628,3.454,3.49,93139
2022-05-19,3.45,3.478,3.4,3.422,73356
2022-05-20,3.422,3.478,3.322,3.43,69648
2022-05-23,3.47,3.484,3.3,3.39,72940
2022-05-24,3.374,3.374,3.3,3.3,105341
2022-05-25,3.302,3.37,3.27,3.29,66608
2022-05-26,3.336,3.34,3.252,3.33,33394
2022-05-27,3.34,3.394,3.312,3.38,81791
2022-05-30,3.49,4.15,3.45,4.032,762642
2022-05-31,4.098,4.098,3.884,3.958,419731
2022-06-01,4,4.038,3.88,3.88,117284
2022-06-02,3.936,3.936,3.716,3.76,176691
2022-06-03,3.8,3.862,3.62,3.63,168496
2022-06-06,3.68,3.7,3.48,3.5,269017
2022-06-07,3.5,3.65,3.48,3.558,122872
2022-06-08,3.598,3.64,3.5,3.51,173345
2022-06-09,3.558,3.58,3.462,3.5,109107
2022-06-10,3.48,3.508,3.35,3.398,133444
2022-06-13,3.356,3.37,3.17,3.17,259169
2022-06-14,3.12,3.24,3.07,3.192,143661
2022-06-15,3.212,3.236,3.088,3.23,180879
2022-06-17,3.23,3.238,3.118,3.18,129441
2022-06-20,3.21,3.3,3.14,3.264,304610
2022-06-21,3.284,3.37,3.25,3.296,264935
2022-06-22,3.258,3.26,3.18,3.24,110390
2022-06-23,3.21,3.37,3.148,3.2,234198
2022-06-24,3.25,3.268,3.18,3.202,147284
2022-06-27,3.2,3.27,3.182,3.184,95014
2022-06-28,3.182,3.3,3.182,3.23,146206
2022-06-29,3.23,3.238,3.178,3.238,132135
2022-06-30,3.2,3.264,3.182,3.218,92911
2022-07-01,3.22,3.25,3.19,3.224,134577
2022-07-04,3.22,3.22,3.15,3.192,88919
2022-07-05,3.202,3.214,3.08,3.16,163858
2022-07-06,3.16,3.2,3.098,3.1,133369
2022-07-07,3.102,3.246,3.082,3.21,213765
2022-07-08,3.262,3.262,3.182,3.246,99052
2022-07-11,3.202,3.232,3.16,3.17,106073
2022-07-12,3.198,3.216,3.15,3.18,90152
2022-07-13,3.16,3.198,3.13,3.15,115421
2022-07-14,3.148,3.3,3.126,3.136,295599
2022-07-15,3.152,3.188,3.102,3.112,106986
2022-07-18,3.16,3.19,3.14,3.168,111730
2022-07-19,3.152,3.168,3.124,3.144,121691
2022-07-20,3.166,3.18,3.112,3.12,149650
2022-07-21,3.118,3.132,3.084,3.09,126361
2022-07-22,3.09,3.12,3.05,3.084,127035
2022-07-25,3.092,3.188,3.07,3.12,252814
2022-07-26,3.116,3.16,3.062,3.096,182397
2022-07-27,3.09,3.102,3.068,3.098,99538
2022-07-28,3.08,3.11,3.068,3.084,98872
2022-07-29,3.094,3.13,3.072,3.11,249665
2022-08-01,3.116,3.12,3.072,3.11,265249
2022-08-02,3.12,3.12,3.08,3.082,143472
2022-08-03,3.094,3.122,3.06,3.122,296208
2022-08-04,3.122,3.21,3.088,3.116,477817
2022-08-05,3.11,3.126,3.062,3.086,143447
2022-08-08,3.112,3.138,3.088,3.12,165770
2022-08-09,3.13,3.13,3.08,3.118,137625
2022-08-10,3.12,3.14,3.084,3.122,178682
2022-08-11,3.124,3.25,3.12,3.25,536522
2022-08-12,3.24,3.28,3.11,3.136,363990
2022-08-16,3.122,3.194,3.11,3.13,176308
2022-08-17,3.15,3.166,3.07,3.076,116045
2022-08-18,3.068,3.114,3.06,3.11,121033
2022-08-19,3.11,3.118,3.086,3.116,37652
2022-08-22,3.118,3.166,3.078,3.126,111507
2022-08-23,3.126,3.138,3.1,3.12,81273
2022-08-24,3.14,3.14,3.1,3.118,82369
2022-08-25,3.118,3.18,3.092,3.12,241400
2022-08-26,3.13,3.172,3.092,3.102,95341
2022-08-29,3.15,3.26,3.11,3.15,327439
2022-08-30,3.2,3.2,3.08,3.08,113427
2022-08-31,3.05,3.098,3.02,3.036,131833
2022-09-01,3.02,3.046,2.872,2.88,280478
2022-09-02,2.9,2.94,2.86,2.94,89649
2022-09-05,2.896,2.936,2.78,2.91,111694
2022-09-06,2.938,2.99,2.86,2.87,68338
2022-09-07,2.928,2.928,2.832,2.888,36825
2022-09-08,2.888,2.968,2.888,2.91,50666
2022-09-09,2.922,2.956,2.85,2.908,83636
2022-09-12,2.92,2.984,2.906,2.93,117022
2022-09-13,2.984,2.984,2.902,2.91,63981
2022-09-14,2.9,2.946,2.876,2.946,61119
2022-09-15,2.908,2.944,2.814,2.86,97657
2022-09-16,2.896,2.906,2.76,2.76,139954
2022-09-19,2.798,2.966,2.776,2.948,111754
2022-09-20,2.97,3.098,2.88,2.88,157283
2022-09-21,2.882,2.988,2.882,2.92,56163
2022-09-22,2.946,2.946,2.85,2.854,90822
2022-09-23,2.854,2.892,2.816,2.816,63693
2022-09-26,2.848,2.858,2.6,2.802,338227
2022-09-27,2.902,3.138,2.902,3.044,391672
2022-09-28,3.032,3.14,2.95,3.024,122314
2022-09-29,3.09,3.09,2.862,2.89,133224
2022-09-30,2.9,2.938,2.87,2.89,55673
2022-10-03,2.922,3.02,2.85,3.02,105736
2022-10-04,3.03,3.16,3.014,3.148,283204
2022-10-05,3.146,3.146,3.07,3.128,61906
2022-10-06,3.104,3.18,3.104,3.122,103066
2022-10-07,3.082,3.114,3.056,3.056,101901
2022-10-10,3.048,3.056,2.988,2.988,48458
2022-10-11,2.98,3.126,2.974,3.124,226682
2022-10-12,3.13,3.2,3.076,3.2,196362
2022-10-13,3.164,3.208,3.1,3.168,132995
2022-10-14,3.202,3.21,3.1,3.12,69471
2022-10-17,3.144,3.144,3.06,3.07,45211
2022-10-18,3.092,3.092,3.01,3.058,106912
2022-10-19,3.04,3.05,2.994,3.042,63175
2022-10-20,3.038,3.08,3,3.05,84694
2022-10-21,3.066,3.066,2.97,2.976,102863
2022-10-24,3.01,3.032,2.972,2.98,50767
2022-10-25,3.002,3.04,2.99,3.04,75319
2022-10-26,2.95,3.038,2.936,3.024,256891
2022-10-27,3.002,3.032,2.96,3.018,78582
2022-10-28,3.002,3.18,2.984,3.156,344072
2022-10-31,3.26,3.7,3.26,3.41,1650502
2022-11-02,3.46,3.636,3.44,3.51,469420
2022-11-03,3.51,3.57,3.35,3.47,529541
2022-11-04,3.48,3.57,3.45,3.524,332943
2022-11-07,3.538,3.56,3.48,3.516,378504
2022-11-08,3.5,3.776,3.452,3.738,835248
2022-11-09,3.728,3.738,3.642,3.7,644330
2022-11-10,3.68,3.698,3.582,3.68,464310
2022-11-14,3.704,3.95,3.684,3.85,619443
2022-11-15,3.84,4.18,3.766,4.104,849717
2022-11-16,4.012,4.126,3.882,4.11,1146840
2022-11-17,4.108,4.11,3.934,3.95,795184
2022-11-18,3.926,4,3.844,3.85,288940
2022-11-21,3.9,4,3.86,3.978,324310
2022-11-22,3.996,4.09,3.86,3.872,383687
2022-11-23,3.908,3.948,3.822,3.834,251825
2022-11-24,3.886,3.94,3.8,3.82,223541
2022-11-25,3.88,3.88,3.806,3.85,209743
2022-11-28,3.874,3.988,3.864,3.92,437399
2022-11-29,3.94,3.94,3.872,3.9,193272
2022-11-30,3.882,3.94,3.862,3.89,174496
2022-12-01,3.936,4.268,3.872,4.25,1146605
2022-12-02,4.25,4.39,4.23,4.38,661196
2022-12-05,4.42,4.69,4.42,4.64,1037642
2022-12-06,4.6,4.63,4.468,4.53,474977
2022-12-07,4.526,4.55,4.47,4.512,243928
2022-12-08,4.51,4.51,4.214,4.446,697243
2022-12-09,4.46,4.532,4.408,4.41,127922
2022-12-12,4.398,4.624,4.302,4.6,315479
2022-12-13,4.638,4.938,4.6,4.9,1015071
2022-12-14,4.9,4.946,4.75,4.76,481762
2022-12-15,4.75,4.75,4.486,4.5,567858
2022-12-16,4.496,4.546,4.364,4.464,425945
2022-12-19,4.498,4.68,4.466,4.548,162331
2022-12-20,4.53,4.55,4.42,4.45,229468
2022-12-21,4.448,4.55,4.422,4.44,128644
2022-12-22,4.444,4.5,4.332,4.336,155420
2022-12-23,4.348,4.348,4.25,4.302,277148
2022-12-27,4.302,4.5,4.28,4.42,335840
2022-12-28,4.42,4.448,4.346,4.41,392572
2022-12-29,4.41,4.418,4.316,4.362,135591
2022-12-30,4.4,4.56,4.36,4.518,210826
2023-01-02,4.52,4.664,4.5,4.506,142881
2023-01-03,4.548,4.62,4.47,4.524,128950
2023-01-04,4.554,4.87,4.508,4.822,584197
2023-01-05,4.82,4.896,4.67,4.732,316855
2023-01-09,4.764,4.84,4.652,4.67,174040
2023-01-10,4.65,4.79,4.6,4.69,183829
2023-01-11,4.68,4.758,4.62,4.622,192265
2023-01-12,4.88,5.6,4.83,5.35,4350614
2023-01-13,5.36,5.48,5.22,5.37,1290631
2023-01-16,5.46,5.95,5.4,5.85,2110816
2023-01-17,5.835,5.95,5.635,5.875,805195
2023-01-18,5.86,5.9,5.57,5.6,812453
2023-01-19,5.51,5.57,5.15,5.25,1276180
2023-01-20,5.3,5.38,5.215,5.335,326092
2023-01-23,5.39,5.54,5.34,5.38,386917
2023-01-24,5.36,5.46,5.24,5.28,409558
2023-01-25,5.3,5.46,5.205,5.33,272161
2023-01-26,5.395,5.42,5.24,5.27,143729
2023-01-27,5.25,5.39,5.17,5.35,267006
2023-01-30,5.345,5.35,5.22,5.23,173327
2023-01-31,5.24,5.39,5.23,5.27,235718
2023-02-01,5.29,5.335,5.04,5.04,449831
2023-02-02,5.12,5.22,4.998,5.1,274962
2023-02-03,5.135,5.135,5.02,5.03,120591
2023-02-06,4.998,5.025,4.84,4.924,359139
2023-02-07,4.914,4.964,4.85,4.88,153953
2023-02-08,4.902,5.14,4.902,4.926,329431
2023-02-09,4.984,5.485,4.98,5.485,1721521
2023-02-10,5.485,5.49,5.12,5.12,911398
2023-02-13,5.15,5.24,5.06,5.16,281639
2023-02-14,5.15,5.175,5.11,5.12,188339
2023-02-15,5.145,5.26,5.12,5.24,167409
2023-02-16,5.3,5.3,5.13,5.19,136144
2023-02-17,5.16,5.26,5.14,5.2,149260
2023-02-20,5.2,5.225,5.095,5.105,169546
2023-02-21,5.095,5.16,4.99,5,169342
2023-02-22,4.99,5.085,4.922,5,160689
2023-02-23,5.05,5.19,5.05,5.13,103520
2023-02-24,5.16,5.19,5.06,5.095,68176
2023-02-27,5.1,5.15,5.05,5.075,56635
2023-02-28,5.1,5.12,5,5.02,111691
2023-03-01,5.075,5.29,5.05,5.215,284735
2023-03-02,5.195,5.195,5.035,5.07,168942
2023-03-03,5.08,5.17,5.06,5.09,185461
2023-03-06,5.165,5.245,5.09,5.22,159350
2023-03-07,5.2,5.65,5.2,5.5,1040404
2023-03-08,5.5,5.545,5.36,5.485,283984
2023-03-09,5.48,5.65,5.4,5.65,481257
2023-03-10,5.5,5.55,5.36,5.52,550089
2023-03-13,5.355,5.48,5.19,5.28,866098
2023-03-14,5.275,5.42,5.175,5.28,300383
2023-03-15,5.28,5.345,5.03,5.05,296007
2023-03-16,5.06,5.19,4.91,5,403656
2023-03-17,5.085,5.13,4.802,4.802,435212
2023-03-20,4.714,4.776,4.6,4.73,801970
2023-03-21,4.706,4.73,4.616,4.65,338195
2023-03-22,4.662,4.662,4.5,4.52,278081
2023-03-23,4.5,4.68,4.462,4.52,287433
2023-03-24,4.492,4.512,4.402,4.402,228486
2023-03-27,4.422,4.494,4.27,4.28,293266
2023-03-28,4.3,4.55,4.286,4.372,336822
2023-03-29,4.41,4.67,4.36,4.648,418996
2023-03-30,4.67,4.68,4.512,4.55,280087
2023-03-31,4.576,4.706,4.504,4.64,229151
2023-04-03,4.68,4.76,4.53,4.544,403076
2023-04-04,4.54,4.638,4.51,4.578,178915
2023-04-05,4.49,4.6,4.46,4.578,210295
2023-04-06,4.65,4.65,4.52,4.55,96415
2023-04-11,4.6,4.758,4.58,4.732,468037
2023-04-12,4.748,4.748,4.6,4.61,303437
2023-04-13,4.648,4.674,4.6,4.65,187723
2023-04-14,4.67,4.73,4.56,4.56,295461
2023-04-17,4.63,4.714,4.6,4.65,213002
2023-04-18,4.634,4.714,4.574,4.698,273814
2023-04-19,4.64,4.72,4.6,4.674,276321
2023-04-20,4.695,4.73,4.62,4.63,185878
2023-04-21,4.65,4.675,4.54,4.565,183834
2023-04-24,4.58,4.69,4.5,4.5,260238
2023-04-25,4.49,4.49,4.28,4.34,370271
2023-04-26,4.325,4.395,4.15,4.325,327695
2023-04-27,4.28,4.47,4.265,4.46,172419
2023-04-28,4.395,4.48,4.395,4.42,104304
2023-05-02,4.43,4.5,4.4,4.4,99709
2023-05-04,4.38,4.42,4.23,4.24,178312
2023-05-05,4.25,4.32,4.23,4.31,111484
2023-05-08,4.265,4.55,4.265,4.37,507521
2023-05-09,4.45,4.45,4.28,4.29,136935
2023-05-10,4.29,4.5,4.29,4.41,143457
2023-05-11,4.4,4.58,4.4,4.475,219042
2023-05-12,4.465,4.58,4.41,4.42,132504
2023-05-15,4.44,4.44,4.33,4.355,135815
2023-05-16,4.355,4.485,4.335,4.38,101013
2023-05-17,4.37,4.42,4.33,4.365,100155
2023-05-18,4.36,4.58,4.35,4.55,239291
2023-05-19,4.545,4.615,4.4,4.51,315965
2023-05-22,4.51,4.67,4.47,4.625,307001
2023-05-23,4.62,4.73,4.575,4.59,338677
2023-05-24,4.59,4.6,4.49,4.54,185712
2023-05-25,4.575,4.575,4.4,4.405,188782
2023-05-26,4.41,4.44,4.36,4.38,128326
2023-05-29,4.435,4.53,4.34,4.355,216587
2023-05-30,4.3,4.33,4.225,4.23,183449
2023-05-31,4.195,4.195,3.78,3.84,901434
2023-06-01,3.85,3.93,3.75,3.815,326010
2023-06-02,3.845,3.94,3.845,3.925,277134
2023-06-05,3.925,4.185,3.925,4.1,320818
2023-06-06,4.1,4.12,4.045,4.06,455707
2023-06-07,4.08,4.165,3.98,3.98,207423
2023-06-09,4.025,4.045,3.88,3.9,224356
2023-06-12,3.91,3.945,3.825,3.89,161298
2023-06-13,3.9,3.995,3.89,3.92,95757
2023-06-14,3.93,4.095,3.91,4.05,198819
2023-06-15,3.99,4.03,3.9,3.975,142308
2023-06-16,3.98,4.115,3.915,3.945,504874
2023-06-19,3.92,4.07,3.91,4.005,189895
2023-06-20,3.99,4,3.905,3.92,177053
2023-06-21,3.93,4.01,3.93,4,212721
2023-06-22,3.995,4.015,3.915,4,145204
2023-06-23,3.995,4,3.87,3.895,188418
2023-06-26,3.92,3.92,3.86,3.87,107208
2023-06-27,3.92,3.96,3.86,3.96,135331
2023-06-28,3.96,4.07,3.955,3.98,155792
2023-06-29,4.02,4.02,3.94,3.98,81087
2023-06-30,3.995,4.14,3.96,4.115,303003
2023-07-03,4.15,4.24,4.1,4.145,175072
2023-07-04,4.185,4.19,4.08,4.08,113985
2023-07-05,4.1,5.5,3.945,5.5,4924652
2023-07-06,6.4,6.47,5.03,5.1,12237066
2023-07-07,5.1,5.3,4.77,4.8,3107283
2023-07-10,4.89,4.975,4.685,4.74,1717392
2023-07-11,4.765,4.93,4.65,4.8,1308414
2023-07-12,4.825,5.21,4.765,4.955,2752112
2023-07-13,4.98,5.06,4.87,4.9,1419524
2023-07-14,5.02,5.1,4.87,4.895,1383428
2023-07-17,4.885,4.98,4.65,4.67,1697386
2023-07-18,4.67,4.81,4.605,4.73,869786
2023-07-19,4.73,4.92,4.725,4.835,813142
2023-07-20,4.86,4.875,4.66,4.715,1174080
2023-07-21,4.715,4.77,4.68,4.705,261657
2023-07-24,4.69,4.8,4.65,4.705,471330
2023-07-25,4.77,4.825,4.66,4.815,451487
2023-07-26,4.83,4.86,4.7,4.725,555201
2023-07-27,4.73,4.745,4.685,4.7,275712
2023-07-28,4.68,4.75,4.665,4.67,496109
2023-07-31,4.705,4.75,4.68,4.69,482779
2023-08-01,4.71,4.75,4.675,4.7,461219
2023-08-02,4.68,4.715,4.63,4.675,519320
2023-08-03,4.695,4.695,4.54,4.55,448891
2023-08-04,4.58,4.63,4.53,4.545,205638
2023-08-07,4.52,4.68,4.45,4.46,845617
2023-08-08,4.455,4.51,4.335,4.355,506677
2023-08-09,4.365,4.435,4.32,4.33,224701
2023-08-10,4.33,4.57,4.33,4.51,609468
2023-08-11,4.51,4.575,4.41,4.47,286962
2023-08-14,4.415,4.52,4.38,4.46,182830
2023-08-16,4.44,4.465,4.35,4.38,276331
2023-08-17,4.375,4.425,4.2,4.21,468470
2023-08-18,4.2,4.28,4.15,4.26,342215
2023-08-21,4.25,4.345,4.16,4.17,352320
2023-08-22,4.18,4.25,4.115,4.15,276571
2023-08-23,4.17,4.25,4.135,4.19,275248
2023-08-24,4.24,4.3,4.18,4.195,135147
2023-08-25,4.185,4.26,4.14,4.18,159877
2023-08-28,4.1,4.42,4.08,4.34,671888
2023-08-29,4.335,4.39,4.27,4.32,260188
2023-08-30,4.35,4.39,4.27,4.315,203166
2023-08-31,4.315,4.35,4.225,4.23,155847
2023-09-01,4.23,4.38,4.21,4.34,258136
2023-09-04,4.375,4.42,4.315,4.32,217834
2023-09-05,4.32,4.36,4.19,4.23,213559
2023-09-06,4.23,4.25,4.06,4.14,480853
2023-09-07,4.16,4.18,3.965,4.005,358531
2023-09-08,4.045,4.12,3.95,4.06,224644
2023-09-11,4.15,4.27,4.14,4.225,453641
2023-09-12,4.29,4.37,4.26,4.28,449096
2023-09-13,4.28,4.34,4.195,4.32,315782
2023-09-14,4.305,4.33,4.23,4.265,167002
2023-09-15,4.29,4.29,4.155,4.155,428746
2023-09-18,4.16,4.27,4.16,4.21,187787
2023-09-19,4.22,4.235,4.16,4.18,132029
2023-09-20,4.21,4.495,4.205,4.455,562676
2023-09-21,4.5,4.68,4.35,4.36,1549327
2023-09-22,4.36,4.37,4.26,4.295,151184
2023-09-25,4.33,4.39,4.225,4.27,153873
2023-09-26,4.27,4.29,4.205,4.21,134694
2023-09-27,4.2,4.64,4.2,4.535,1250973
2023-09-28,4.575,4.58,4.3,4.34,499551
2023-09-29,4.34,4.485,4.325,4.44,217557
2023-10-02,4.47,4.675,4.46,4.63,761527
2023-10-03,4.605,4.74,4.47,4.625,1366572
2023-10-04,4.63,4.65,4.5,4.51,277563
2023-10-05,4.515,4.545,4.34,4.36,321169
2023-10-06,4.36,4.4,4.16,4.215,466837
2023-10-09,4.215,4.32,4.14,4.25,203392
2023-10-10,4.255,4.41,4.255,4.38,157609
2023-10-11,4.35,4.41,4.26,4.3,143727
2023-10-12,4.3,4.38,4.29,4.325,155150
2023-10-13,4.34,4.35,4.25,4.285,242258
2023-10-16,4.34,4.395,4.215,4.335,352711
2023-10-17,4.335,4.49,4.31,4.45,399893
2023-10-18,4.41,4.49,4.385,4.41,140422
2023-10-19,4.4,4.43,4.33,4.33,135460
2023-10-20,4.33,4.35,4.225,4.23,222205
2023-10-23,4.23,4.25,4.19,4.2,163975
2023-10-24,4.2,4.275,4.18,4.265,146804
2023-10-25,4.265,4.265,4.2,4.24,84357
2023-10-26,4.215,4.265,4.19,4.22,121094
2023-10-27,4.245,4.31,4.24,4.27,94101
2023-10-30,4.32,4.395,4.315,4.35,206811
2023-10-31,4.38,4.4,4.315,4.36,171773
2023-11-02,4.38,4.67,4.38,4.505,616199
2023-11-03,4.545,4.62,4.505,4.545,354665
2023-11-06,4.54,4.65,4.455,4.47,355420
2023-11-07,4.46,4.47,4.34,4.4,145629
2023-11-08,4.385,4.4,4.3,4.36,129925
2023-11-09,4.36,4.38,4.315,4.355,97850
2023-11-10,4.355,4.36,4.295,4.32,154554
2023-11-13,4.335,4.39,4.3,4.305,110829
2023-11-14,4.305,4.36,4.29,4.36,178861
2023-11-15,4.36,4.44,4.325,4.36,200241
2023-11-16,4.38,4.415,4.34,4.4,93654
2023-11-17,4.375,4.495,4.375,4.41,138053
2023-11-20,4.4,4.4,4.16,4.185,634333
2023-11-21,4.19,4.245,4.14,4.17,367441
2023-11-22,4.2,4.26,4.16,4.17,204228
2023-11-23,4.15,4.18,4.11,4.14,234574
2023-11-24,4.115,4.22,4.085,4.19,229196
2023-11-27,4.185,4.22,4.13,4.18,141285
2023-11-28,4.18,4.22,4.12,4.2,131310
2023-11-29,4.2,4.2,4.06,4.11,299269
2023-11-30,4.135,4.135,4.06,4.07,155388
2023-12-01,4.11,4.185,4.075,4.17,216391
2023-12-04,4.16,4.225,4.14,4.205,201598
2023-12-05,4.16,4.225,4.16,4.18,216520
2023-12-06,4.21,4.54,4.21,4.48,978391
2023-12-07,4.475,4.475,4.35,4.41,264280
2023-12-08,4.445,4.455,4.065,4.19,591218
2023-12-11,4.205,4.29,4.14,4.185,283060
2023-12-12,4.205,4.22,4.12,4.135,149572
2023-12-13,4.135,4.175,4.015,4.1,618000
2023-12-14,4.12,4.19,4.075,4.11,492591
2023-12-15,4.11,4.3,4.105,4.3,1074785
2023-12-18,4.245,4.295,4.115,4.125,455880
2023-12-19,4.125,4.195,4.11,4.17,294483
2023-12-20,4.145,4.23,4.105,4.145,395494
2023-12-21,4.12,4.18,4.09,4.105,597838
2023-12-22,4.11,4.15,4.085,4.09,537056
2023-12-27,4.085,4.14,4.07,4.09,864531
2023-12-28,4.105,4.18,4.105,4.135,207405
2023-12-29,4.15,4.175,4.125,4.16,116398
2024-01-02,4.16,4.26,4.135,4.165,261382
2024-01-03,4.185,4.185,4.1,4.12,142031
2024-01-04,4.135,4.175,4.105,4.11,152082
2024-01-05,4.12,4.15,4.08,4.14,155186
2024-01-08,4.14,4.145,4.09,4.12,94195
2024-01-09,4.14,4.145,4.1,4.135,76272
2024-01-10,4.135,4.135,4.11,4.12,61722
2024-01-11,4.135,4.135,4.09,4.1,139076
2024-01-12,4.1,4.125,4.075,4.1,109333
2024-01-15,4.105,4.125,4.07,4.105,157484
2024-01-16,4.085,4.085,4.01,4.015,298524
2024-01-17,4.035,4.04,3.84,3.87,643271
2024-01-18,3.9,3.94,3.76,3.84,370632
2024-01-19,4.13,4.29,3.97,4,1253581
2024-01-22,4.04,4.06,3.97,4.025,156580
2024-01-23,4.045,4.055,3.985,3.985,108246
2024-01-24,4,4.05,3.97,4.04,137920
2024-01-25,4.045,4.06,3.99,3.995,111131
2024-01-26,3.975,4.02,3.945,3.98,136809
2024-01-29,3.955,4.015,3.95,3.995,123728
2024-01-30,4,4.02,3.98,3.99,66852
2024-01-31,3.995,4.15,3.99,4.135,281446
2024-02-01,4.095,4.18,4.06,4.15,140617
2024-02-02,4.15,4.175,4.075,4.085,145432
2024-02-05,4.095,4.1,4.02,4.04,93079
2024-02-06,4.04,4.09,4.01,4.03,53666
2024-02-07,4.01,4.115,4.01,4.11,106550
2024-02-08,4.1,4.12,4.055,4.09,80442
2024-02-09,4.085,4.095,4.015,4.025,187012
2024-02-12,4.065,4.075,4,4.05,142563
2024-02-13,4.005,4.045,3.92,3.945,289999
2024-02-14,3.96,3.99,3.94,3.99,50583
2024-02-15,3.99,4.01,3.94,3.97,107490
2024-02-16,3.965,4.05,3.965,4.01,118428
2024-02-19,4,4.035,3.985,4.01,48870
2024-02-20,4,4.1,3.98,4.02,208324
2024-02-21,4.02,4.355,4,4.24,991753
2024-02-22,4.27,4.29,4.11,4.16,501838
2024-02-23,4.15,4.54,4.13,4.375,1895033
2024-02-26,4.39,4.485,4.355,4.415,486821
2024-02-27,4.45,4.575,4.38,4.395,358670
2024-02-28,4.44,4.54,4.33,4.49,596466
2024-02-29,4.495,4.55,4.345,4.385,284634
2024-03-01,4.39,4.46,4.36,4.455,170321
2024-03-04,4.48,4.48,4.27,4.31,203257
2024-03-05,4.31,4.345,4.23,4.245,137378
2024-03-06,4.3,4.355,4.24,4.355,115305
2024-03-07,4.355,4.355,4.26,4.31,98021
2024-03-08,4.31,4.355,4.205,4.26,215623
2024-03-11,4.25,4.295,4.21,4.26,91951
2024-03-12,4.26,4.38,4.24,4.315,170146
2024-03-13,4.36,4.36,4.24,4.25,126617
2024-03-14,4.255,4.57,4.225,4.45,662589
2024-03-15,4.45,4.45,4.27,4.27,283900
2024-03-18,4.3,4.35,4.15,4.185,277759
2024-03-19,4.185,4.275,4.17,4.23,84810
2024-03-20,4.24,4.245,4.175,4.21,72916
2024-03-21,4.24,4.24,4.17,4.24,206534
2024-03-22,4.24,4.3,4.15,4.175,205265
2024-03-25,4.165,4.185,4.105,4.15,63066
2024-03-26,4.13,4.155,4.085,4.14,80926
2024-03-27,4.14,4.2,4.1,4.165,49725
2024-03-28,4.16,4.245,4.125,4.195,92124
2024-04-02,4.1,4.14,3.972,4.1,422447
2024-04-03,4.1,4.236,4.098,4.16,366629
2024-04-04,4.16,4.218,4.16,4.208,113571
2024-04-05,4.18,4.19,4.13,4.17,80529
2024-04-08,4.14,4.21,4.14,4.176,97354
2024-04-09,4.164,4.48,4.06,4.17,1350436
2024-04-10,4.196,4.27,4.162,4.19,349822
2024-04-11,4.07,4.174,3.99,4.028,1069124
2024-04-12,4,4.05,3.882,3.888,674139
2024-04-15,3.88,3.958,3.87,3.91,325991
2024-04-16,3.92,3.93,3.76,3.796,347842
2024-04-17,3.82,3.87,3.8,3.828,160991
2024-04-18,3.828,3.862,3.812,3.846,140248
2024-04-19,3.824,3.84,3.78,3.81,169019
2024-04-22,3.828,3.84,3.766,3.79,95055
2024-04-23,3.8,3.824,3.784,3.784,127990
2024-04-24,3.788,3.818,3.666,3.69,297719
2024-04-25,3.69,3.72,3.516,3.518,520770
2024-04-26,3.544,3.55,3.432,3.44,582369
2024-04-29,3.45,3.62,3.34,3.54,585226
2024-04-30,3.55,3.55,3.462,3.498,117025
2024-05-02,3.5,3.5,3.416,3.42,235460
2024-05-06,3.42,3.578,3.41,3.516,256103
2024-05-07,3.516,3.544,3.49,3.498,169278
2024-05-08,3.488,3.52,3.448,3.468,115023
2024-05-09,3.47,3.576,3.44,3.568,326408
2024-05-10,3.578,3.62,3.48,3.54,269708
2024-05-13,3.582,3.7,3.58,3.63,502869
2024-05-14,3.69,3.69,3.6,3.612,302522
2024-05-15,3.65,3.662,3.542,3.65,347713
2024-05-16,3.648,3.718,3.6,3.632,529074
2024-05-17,3.632,3.78,3.62,3.778,406412
2024-05-20,3.8,3.866,3.778,3.794,524536
2024-05-21,3.8,3.824,3.7,3.74,338276
2024-05-22,3.78,3.8,3.702,3.79,211628
2024-05-23,3.77,3.798,3.74,3.778,98390
2024-05-24,3.72,3.77,3.67,3.68,125040
2024-05-27,3.66,3.66,3.6,3.618,177514
2024-05-28,3.616,3.616,3.504,3.55,81557
2024-05-29,3.55,3.62,3.48,3.5,188691
2024-05-31,3.482,3.538,3.466,3.532,65510
2024-06-03,3.52,3.548,3.47,3.49,85289
2024-06-04,3.528,3.528,3.44,3.46,125352
2024-06-05,3.502,3.52,3.414,3.43,185481
2024-06-06,3.43,3.43,3.252,3.304,713043
2024-06-07,3.34,3.44,3.272,3.386,335147
2024-06-10,3.416,3.416,3.35,3.4,80709
2024-06-11,3.41,3.464,3.29,3.358,310903
2024-06-12,3.33,3.39,3.33,3.38,59972
2024-06-13,3.38,3.38,3.334,3.374,76909
2024-06-14,3.36,3.468,3.344,3.44,176999
2024-06-17,3.42,3.494,3.408,3.486,124123
2024-06-18,3.486,3.52,3.4,3.438,68057
2024-06-19,3.438,3.47,3.402,3.41,132960
2024-06-20,3.402,3.48,3.4,3.424,200380
2024-06-21,3.424,3.446,3.352,3.352,193934
2024-06-24,3.352,3.406,3.334,3.37,186019
2024-06-25,3.352,3.41,3.35,3.36,175880
2024-06-26,3.41,3.45,3.352,3.424,166818
2024-06-27,3.45,3.53,3.42,3.49,306115
2024-06-28,3.5,3.638,3.49,3.574,383652
2024-07-01,3.6,3.626,3.452,3.452,198510
2024-07-02,3.49,3.49,3.352,3.356,323419
2024-07-03,3.398,3.398,3.292,3.31,460733
2024-07-04,3.346,3.374,3.32,3.348,221357
2024-07-05,3.358,3.434,3.35,3.4,188301
2024-07-08,3.402,3.42,3.314,3.314,274541
2024-07-09,3.342,3.342,3.296,3.312,249016
2024-07-10,3.324,3.646,3.302,3.54,1100178
2024-07-11,3.588,3.588,3.43,3.44,431388
2024-07-12,3.468,3.478,3.384,3.472,412089
2024-07-15,3.472,3.472,3.392,3.41,186434
2024-07-16,3.402,3.438,3.332,3.332,162945
2024-07-17,3.33,3.364,3.27,3.3,322887
2024-07-18,3.3,3.378,3.3,3.372,57472
2024-07-19,3.33,3.37,3.27,3.296,239488
2024-07-22,3.33,3.336,3.24,3.24,207398
2024-07-23,3.24,3.27,3.14,3.154,338261
2024-07-24,3.17,3.206,3.14,3.16,116971
2024-07-25,3.15,3.17,3.05,3.1,276220
2024-07-26,3.11,3.142,3.096,3.1,143520
2024-07-29,3.12,3.138,3.1,3.138,117635
2024-07-30,3.138,3.24,3.13,3.16,222904
2024-07-31,3.16,3.198,3.122,3.128,106071
2024-08-01,3.128,3.15,3.052,3.11,189174
2024-08-02,3.08,3.1,3.02,3.04,247309
2024-08-05,3.012,3.012,2.82,2.93,490768
2024-08-06,2.98,3.01,2.88,2.966,270935
2024-08-07,2.9,3.042,2.88,3.04,198002
2024-08-08,3,3.04,2.956,3.026,113590
2024-08-09,3.03,3.098,3,3.03,173659
2024-08-12,3.03,3.08,3.018,3.034,125789
2024-08-13,3.064,3.072,3.03,3.058,106423
2024-08-14,3.034,3.084,3.03,3.03,119228
2024-08-16,3.058,3.114,3.04,3.11,300301
2024-08-19,3.126,3.178,3.08,3.166,125397
2024-08-20,3.19,3.19,3.102,3.138,136459
2024-08-21,3.136,3.146,3.09,3.128,146466
2024-08-22,3.128,3.13,3.078,3.126,68082
2024-08-23,3.126,3.138,3.08,3.114,48293
2024-08-26,3.112,3.128,2.982,2.99,791891
2024-08-27,2.99,3.084,2.95,2.984,588654
2024-08-28,3,3.022,2.97,2.98,108176
2024-08-29,2.98,3.024,2.91,3,244368
2024-08-30,3.008,3.06,2.98,3.026,169332
2024-09-02,3.02,3.04,2.98,2.98,365022
2024-09-03,2.98,3.018,2.94,2.946,151123
2024-09-04,2.94,2.962,2.87,2.898,270539
2024-09-05,2.93,2.93,2.792,2.806,379481
2024-09-06,2.82,2.82,2.702,2.732,299205
2024-09-09,2.76,2.76,2.622,2.632,355131
2024-09-10,2.65,2.678,2.62,2.622,254714
2024-09-11,2.63,2.636,2.546,2.55,304253
2024-09-12,2.55,2.646,2.55,2.608,249873
2024-09-13,2.612,2.654,2.608,2.64,84272
2024-09-16,2.64,2.654,2.62,2.624,91189
2024-09-17,2.65,2.84,2.64,2.81,423008
2024-09-18,2.82,2.896,2.77,2.842,401827
2024-09-19,2.86,2.86,2.704,2.75,206788
2024-09-20,2.766,2.816,2.652,2.652,800210
2024-09-23,2.652,2.738,2.652,2.7,181148
2024-09-24,2.7,2.752,2.69,2.702,106024
2024-09-25,2.72,2.748,2.65,2.688,212430
2024-09-26,2.644,2.698,2.586,2.64,246099
2024-09-27,2.64,2.642,2.58,2.64,122299
2024-09-30,2.6,2.638,2.57,2.57,106614
2024-10-01,2.59,2.62,2.57,2.57,146276
2024-10-02,2.57,2.6,2.558,2.562,119522
2024-10-03,2.59,2.59,2.522,2.526,585151
2024-10-04,2.546,2.548,2.506,2.506,166661
2024-10-07,2.506,2.522,2.43,2.43,422268
2024-10-08,2.43,2.48,2.38,2.46,281659
2024-10-09,2.47,2.476,2.422,2.43,208818
2024-10-10,2.456,2.456,2.416,2.428,88599
2024-10-11,2.454,2.494,2.43,2.494,186812
2024-10-14,2.5,2.724,2.5,2.61,549757
2024-10-15,2.636,2.668,2.56,2.6,242963
2024-10-16,2.63,2.668,2.57,2.66,179248
2024-10-17,2.7,2.71,2.522,2.55,360678
2024-10-18,2.598,2.61,2.36,2.454,668401
2024-10-21,2.322,2.4,2.2,2.296,810944
2024-10-22,2.324,2.388,2.28,2.31,188572
2024-10-23,2.328,2.33,2.242,2.3,199337
2024-10-24,2.34,2.34,2.244,2.25,194244
2024-10-25,2.244,2.326,2.232,2.298,184915
2024-10-28,2.304,2.316,2.246,2.25,101017
2024-10-29,2.25,2.288,2.242,2.286,54765
2024-10-30,2.26,2.286,2.242,2.256,125711
2024-10-31,2.256,2.256,2.172,2.2,245602
2024-11-04,2.202,2.246,2.2,2.222,115950
2024-11-05,2.22,2.22,2.17,2.188,174739
2024-11-06,2.174,2.2,2.142,2.166,204306
2024-11-07,2.144,2.18,2.14,2.154,193892
2024-11-08,2.15,2.27,2.14,2.16,592252
2024-11-12,2.162,2.184,1.96,1.998,861508
2024-11-13,2.018,2.018,1.88,1.888,1173369
2024-11-14,1.833,1.899,1.745,1.8,1371065
2024-11-15,1.78,1.89,1.762,1.879,604927
2024-11-18,1.891,1.99,1.879,1.99,698448
2024-11-19,2.008,2.068,1.92,1.96,765398
2024-11-20,1.96,2.028,1.96,2.01,266670
2024-11-21,2.01,2.01,1.93,2,228791
2024-11-22,2,2.06,1.978,2.06,214113
2024-11-25,2.07,2.178,2.07,2.168,384063
2024-11-26,2.168,2.38,2.13,2.37,726562
2024-11-27,2.37,2.448,2.256,2.336,622169
2024-11-28,2.336,2.348,2.264,2.32,158655
2024-11-29,2.312,2.344,2.264,2.304,80197
2024-12-02,2.28,2.306,2.23,2.274,3237555
2024-12-03,2.276,2.31,2.25,2.28,110861
2024-12-04,2.282,2.32,2.252,2.254,234500
2024-12-05,2.254,2.29,2.112,2.158,484654
2024-12-06,2.16,2.188,2.1,2.138,201563
2024-12-09,2.14,2.14,2.06,2.08,331439
2024-12-10,2.062,2.08,2.012,2.07,255403
2024-12-11,2.09,2.114,2.024,2.05,238655
2024-12-12,2.078,2.078,1.98,1.992,263661
2024-12-13,1.995,2.04,1.96,2.038,327199
2024-12-16,2.03,2.036,1.93,1.932,353766
2024-12-17,1.95,1.96,1.82,1.825,584711
2024-12-18,1.84,1.89,1.84,1.887,976422
2024-12-19,1.862,1.887,1.83,1.839,397639
2024-12-20,1.84,1.937,1.8,1.88,1056625
2024-12-23,1.88,1.909,1.79,1.812,1050933
2024-12-27,1.812,1.886,1.812,1.886,323527
2024-12-30,1.863,2.138,1.863,2.118,651095
2025-01-02,2.118,2.186,2.08,2.156,372634
2025-01-03,2.15,2.326,2.14,2.326,489788
2025-01-07,2.33,2.38,2.262,2.27,379967
2025-01-08,2.318,2.318,2.166,2.19,257795
2025-01-09,2.24,2.24,2.18,2.23,79687
2025-01-10,2.248,2.32,2.204,2.24,238761
2025-01-13,2.23,2.33,2.228,2.284,165447
2025-01-14,2.3,2.308,2.24,2.268,151385
2025-01-15,2.286,2.308,2.24,2.244,160011
2025-01-16,2.264,2.378,2.2,2.36,749100
2025-01-17,2.362,2.69,2.36,2.628,1622864
2025-01-20,2.628,2.65,2.56,2.638,368717
2025-01-21,2.67,2.768,2.61,2.672,682127
2025-01-22,2.706,2.728,2.652,2.69,298568
2025-01-23,2.728,2.728,2.652,2.7,140333
2025-01-24,2.66,2.846,2.66,2.82,554358
2025-01-27,2.78,2.88,2.77,2.878,352013
2025-01-28,2.878,2.89,2.806,2.84,246530
2025-01-29,2.88,2.89,2.708,2.73,412209
2025-01-30,2.77,2.87,2.748,2.836,200184
2025-01-31,2.846,2.866,2.772,2.772,365699
2025-02-03,2.8,2.8,2.66,2.69,190718
2025-02-04,2.69,2.854,2.69,2.848,263395
2025-02-05,2.848,2.978,2.84,2.95,413116
2025-02-06,2.95,3.11,2.934,3.02,935760
2025-02-07,3.05,3.05,2.976,3.04,257767
2025-02-10,2.99,3.04,2.92,3.02,442336
2025-02-11,3.04,3.162,3.03,3.09,525429
2025-02-12,3.098,3.2,3.022,3.098,735203
2025-02-13,3.1,3.16,2.94,2.99,717327
2025-02-14,2.99,3,2.94,2.994,336324
2025-02-17,2.98,3.1,2.942,3.09,491798
2025-02-18,3.098,3.146,3.038,3.038,326530
2025-02-19,3.038,3.07,2.95,2.95,340363
2025-02-20,2.95,2.978,2.85,2.91,363881
2025-02-21,2.91,3.054,2.91,3.042,362067
2025-02-24,3.058,3.078,2.992,3.024,174488
2025-02-25,3,3.08,3,3.036,142725
2025-02-26,3.05,3.354,3.016,3.354,1115222
2025-02-27,3.35,3.54,3.252,3.284,1288700
2025-02-28,3.284,3.32,3.164,3.218,423757
2025-03-03,3.218,3.314,3.13,3.25,333325
2025-03-04,3.248,3.248,3.016,3.03,677959
2025-03-05,3.09,3.23,3.082,3.182,344704
2025-03-06,3.2,3.2,3.088,3.16,195988
2025-03-07,3.17,3.17,3.1,3.158,112560
2025-03-10,3.158,3.158,3.09,3.102,101867
2025-03-11,3.11,3.328,3.098,3.206,569626
2025-03-12,3.29,3.31,3.258,3.31,205821
2025-03-13,3.326,3.438,3.16,3.26,833126
2025-03-14,3.27,3.3,3.14,3.28,422607
2025-03-17,3.32,3.32,3.196,3.234,209705
2025-03-18,3.24,3.278,3.22,3.24,79609
2025-03-19,3.206,3.25,3.152,3.222,236605
2025-03-20,3.18,3.246,3.164,3.2,198001
2025-03-21,3.198,3.214,3.166,3.206,106384
2025-03-24,3.206,3.236,3.15,3.206,158717
2025-03-25,3.198,3.222,3.18,3.194,171053
2025-03-26,3.194,3.2,3.012,3.064,461371
2025-03-27,3.04,3.1,3.006,3.056,126675
2025-03-28,3.05,3.186,3,3.104,348776
2025-03-31,3.09,3.09,3.01,3.012,210786
2025-04-01,3.02,3.07,2.89,3.01,220026
2025-04-02,3.01,3.06,3.01,3.025,132123
2025-04-03,3,3.02,2.86,2.915,309894
2025-04-04,2.915,2.95,2.695,2.9,719647
2025-04-07,2.74,3.28,2.71,3.04,1181159
2025-04-08,3.14,3.175,3.03,3.12,565829
2025-04-09,3.12,3.12,3.005,3.06,203999
2025-04-10,3.245,3.245,3.1,3.115,442811
2025-04-11,3.11,3.13,3.03,3.055,236808
2025-04-14,3.07,3.18,3.055,3.125,128767
2025-04-15,3.15,3.7,3.14,3.64,2886530
2025-04-16,3.64,3.84,3.515,3.64,2223628
2025-04-17,3.65,3.89,3.56,3.8,1656492
2025-04-22,3.77,3.895,3.7,3.715,785330
2025-04-23,3.755,3.765,3.55,3.615,889783
2025-04-24,3.615,3.685,3.52,3.585,590407
2025-04-25,3.6,3.67,3.52,3.52,526910
2025-04-28,3.435,3.65,3.36,3.53,907308
2025-04-29,3.6,4.27,3.525,3.95,5026736
2025-04-30,3.95,4.035,3.835,3.92,1292956
2025-05-02,4.2,4.73,4.165,4.58,5490805
2025-05-05,4.64,4.86,4.42,4.465,2595186
2025-05-06,4.43,4.635,4.29,4.575,1345214
2025-05-07,4.525,4.61,4.385,4.42,769942
2025-05-08,4.42,4.615,4.405,4.51,686568
2025-05-09,4.545,4.75,4.525,4.62,1213144
2025-05-12,4.62,4.68,4.51,4.64,595941
2025-05-13,4.56,4.635,4.46,4.49,663402
2025-05-14,4.48,4.8,4.42,4.78,978468
2025-05-15,4.75,4.755,4.565,4.59,763662
2025-05-16,4.59,4.61,4.46,4.52,570846
2025-05-19,4.495,4.495,4.305,4.38,586784
2025-05-20,4.345,4.47,4.17,4.41,571367
2025-05-21,4.46,4.595,4.33,4.51,604371
2025-05-22,4.51,4.57,4.31,4.32,253992
2025-05-23,4.3,4.41,4.21,4.29,333269
2025-05-26,4.64,5.24,4.46,5.24,4567450
2025-05-27,5.29,5.75,5.14,5.65,4169985
2025-05-28,5.7,5.9,5.44,5.57,3073675
2025-05-29,5.56,5.6,5.18,5.24,1364323
2025-05-30,5.28,5.36,5.11,5.22,823355
2025-06-02,5.1,5.47,5.04,5.3,743098
2025-06-03,5.31,5.36,5.1,5.11,455101
2025-06-04,5.11,5.29,5.11,5.29,411409
2025-06-05,5.3,5.35,5.23,5.3,221815
2025-06-06,5.3,5.36,5.12,5.2,389110
2025-06-09,5.22,5.32,4.9,4.93,798786
2025-06-10,4.95,5.07,4.895,5,678621
2025-06-11,5.12,5.23,4.96,5.03,978219
2025-06-12,5.02,5.05,4.815,4.885,755318
2025-06-13,4.8,4.88,4.62,4.72,1173255
2025-06-16,4.72,4.82,4.64,4.79,413378
2025-06-17,4.815,4.85,4.72,4.745,222216
2025-06-18,4.79,4.9,4.725,4.78,485962
2025-06-20,4.75,4.875,4.68,4.81,353048
2025-06-23,4.85,4.875,4.68,4.835,462483
2025-06-24,4.85,4.92,4.765,4.875,471152
2025-06-25,4.915,4.935,4.765,4.765,346304
2025-06-26,4.815,4.84,4.75,4.82,205013
2025-06-27,4.82,4.83,4.605,4.61,501017
2025-06-30,4.52,4.85,4.52,4.75,541159
2025-07-01,4.75,4.82,4.67,4.67,193049
2025-07-02,4.71,4.765,4.6,4.675,210463
2025-07-03,4.65,4.745,4.63,4.74,165613
2025-07-04,4.75,4.76,4.65,4.7,120881
2025-07-07,4.72,4.765,4.615,4.67,162609
2025-07-08,4.605,4.67,4.55,4.58,230264
2025-07-09,4.58,4.72,4.565,4.61,202348
2025-07-10,4.595,4.63,4.555,4.61,263703
2025-07-11,4.61,4.65,4.535,4.625,182548
2025-07-14,4.625,4.63,4.55,4.595,255093
2025-07-15,4.58,4.675,4.48,4.51,485005
2025-07-16,4.52,4.52,4.32,4.4,646960
2025-07-17,4.4,4.84,4.35,4.835,1075311
2025-07-18,4.84,4.85,4.7,4.715,793290
2025-07-21,4.75,4.83,4.675,4.69,261436
2025-07-22,4.69,4.735,4.605,4.65,239822
2025-07-23,4.71,4.85,4.675,4.825,427171
2025-07-24,4.825,4.945,4.76,4.775,625632
2025-07-25,4.83,4.87,4.76,4.8,333509
2025-07-28,4.77,4.84,4.565,4.65,435562
2025-07-29,4.695,4.79,4.58,4.675,345150
2025-07-30,4.65,4.725,4.555,4.725,147948
2025-07-31,4.71,4.725,4.59,4.62,204887
2025-08-01,4.595,4.655,4.53,4.63,307732
2025-08-04,4.63,4.765,4.525,4.68,252331
2025-08-05,4.68,4.75,4.615,4.625,98071
2025-08-06,4.625,4.725,4.57,4.72,316224
2025-08-07,4.7,4.85,4.67,4.77,342311
2025-08-08,4.825,4.85,4.68,4.73,254293
2025-08-11,4.73,4.73,4.62,4.72,90932
2025-08-12,4.67,4.895,4.67,4.85,497746
2025-08-13,4.845,4.845,4.525,4.565,763871
2025-08-14,4.545,4.56,4.42,4.51,492273
2025-08-18,4.53,4.62,4.415,4.615,259980
2025-08-19,4.615,4.68,4.57,4.61,339587
2025-08-20,4.64,4.675,4.51,4.515,314873
2025-08-21,4.5,4.57,4.47,4.55,274532
2025-08-22,4.5,4.565,4.445,4.5,401507
2025-08-25,4.84,4.85,4.45,4.465,1338644
2025-08-26,4.5,4.55,4.46,4.53,346700
2025-08-27,4.54,4.54,4.42,4.45,280988
2025-08-28,4.45,4.49,4.41,4.415,229044
2025-08-29,4.42,4.455,4.335,4.39,261964
2025-09-01,4.39,4.55,4.375,4.54,365762
2025-09-02,4.595,4.85,4.565,4.845,1134747
2025-09-03,4.86,5.06,4.79,4.965,1590236
2025-09-04,4.985,5.32,4.855,5.01,2175965
2025-09-05,5.09,5.18,5,5.07,910690
2025-09-08,5.11,5.24,5,5.21,1028584
2025-09-09,5.21,5.6,5.17,5.55,1615537
2025-09-10,5.42,5.53,5.12,5.46,1980431
2025-09-11,5.46,5.96,5.44,5.85,2515299
2025-09-12,5.88,6.16,5.7,5.95,1844496
2025-09-15,5.97,6.75,5.96,6.75,4421115
2025-09-16,6.75,6.9,6.57,6.73,2328361
2025-09-17,6.78,7.46,6.71,6.84,5802026
2025-09-18,6.85,7.32,6.73,6.9,2547612
2025-09-19,6.9,7.24,6.84,7.24,1469462
2025-09-22,7.5,7.76,7.05,7.37,3206827
2025-09-23,7.37,7.46,7.16,7.24,1151018
2025-09-24,7.16,7.31,6.92,7.15,1142486
2025-09-25,7.15,7.15,6.72,6.84,769130
2025-09-26,6.72,7.16,6.72,7.05,826907
2025-09-29,7.11,7.16,6.97,7.06,630850
