Data,Otwarcie,Najwyzszy,Najnizszy,Zamkniecie,Wolumen
2015-01-02,96.8529,97.2151,96.4048,96.8051,327896.85676171
2015-01-05,96.5763,97.2627,94.4533,94.6229,506916.55989451
2015-01-07,95.0414,99.694,94.2263,99.1604,1022206.5746622
2015-01-08,99.598,101.295,99.598,101.258,752931.24438801
2015-01-09,101.295,101.295,98.1971,98.6361,595762.45092794
2015-01-12,99.0267,100.419,96.2332,96.8529,697868.67222646
2015-01-13,96.4048,99.1119,95.6517,96.4048,1526260.6569983
2015-01-14,92.4063,92.4063,88.589,89.6988,4167235.527276
2015-01-15,90.7646,92.9011,88.1075,90.8523,3355102.708731
2015-01-16,90.8523,92.0107,89.5653,91.6989,729927.58175205
2015-01-19,92.231,93.2042,91.433,92.231,749233.83383711
2015-01-20,92.2776,94.0939,91.7456,92.7181,746650.36655006
2015-01-21,93.1214,95.5086,92.4511,95.5086,1076418.4801693
2015-01-22,95.5086,98.9404,95.0414,97.7395,1609189.6422394
2015-01-23,97.7776,99.0267,95.1273,96.1951,866788.41331824
2015-01-26,93.2921,95.2036,92.5426,94.0137,1290703.6131267
2015-01-27,93.9203,94.8499,90.1869,91.2976,1357805.5833885
2015-01-28,91.7456,92.5893,90.1869,91.5616,739683.50105245
2015-01-29,91.5159,93.7325,90.8523,93.3864,799259.53636309
2015-01-30,92.9842,94.5476,92.8563,93.6104,1032979.9374333
2015-02-02,94.2731,95.6898,94.1787,95.2036,647453.8237957
2015-02-03,95.7851,99.4742,95.7851,99.4742,1293874.4704587
2015-02-04,99.3416,100.323,98.4926,99.4267,1008179.4906062
2015-02-05,98.6361,98.9885,96.3189,98.1018,703974.38196172
2015-02-06,98.4544,99.7891,98.1495,99.5227,956522.73179468
2015-02-09,98.6361,100.323,98.4073,100.323,676807.59238206
2015-02-10,100.228,101.115,99.1604,99.598,911129.01933758
2015-02-11,99.7891,101.258,99.7891,101.258,692545.44994396
2015-02-12,101.295,101.477,100.323,100.762,915155.78787797
2015-02-13,100.857,102.087,100.534,101.066,1156217.5155995
2015-02-16,101.744,104.356,101.429,104.232,1384854.8949591
2015-02-17,104.041,104.041,101.915,102.63,1266633.2082127
2015-02-18,103.516,104.585,103.24,103.917,1223581.7135599
2015-02-19,103.965,105.3,102.754,105.3,2509730.9560165
2015-02-20,104.852,105.204,104.232,104.67,585222.99526398
2015-02-23,104.852,105.509,103.965,104.537,568338.6782036
2015-02-24,104.089,106.883,103.117,106.883,1079029.219137
2015-02-25,106.625,107.387,105.385,105.958,657109.04765982
2015-02-26,106.187,109.562,106.187,109.017,1372842.7685396
2015-02-27,108.808,109.017,107.521,107.521,1120654.1951092
2015-03-02,107.521,108.932,107.292,107.998,736661.58905326
2015-03-03,107.15,107.196,104.852,105.204,928532.54724127
2015-03-04,105.071,105.7,104.137,104.327,738006.29269191
2015-03-05,104.356,106.978,104.012,106.625,806371.15155035
2015-03-06,106.5,106.758,104.28,105.739,1069043.5883726
2015-03-09,104.852,106.092,104.041,104.041,964453.54631251
2015-03-10,104.232,104.585,101.781,102.182,1125586.1736653
2015-03-11,102.182,103.821,101.429,101.477,796913.12291561
2015-03-12,102.087,103.821,102.087,103.603,1296449.5464594
2015-03-13,103.689,104.041,100.896,101.295,888764.14337551
2015-03-16,102.182,102.583,101.115,101.915,477612.09011549
2015-03-17,101.648,102.134,100.675,101.744,637074.85148332
2015-03-18,101.744,102.134,101.258,102.087,490982.55601402
2015-03-19,102.63,104.232,102.63,104.232,906279.90473423
2015-03-20,104.404,106.834,104.232,106.834,1939425.5700731
2015-03-23,106.978,108.217,106.31,108.217,534554.31042093
2015-03-24,107.34,108.217,106.578,108.132,498395.20859933
2015-03-25,107.779,107.826,106.233,106.673,442841.74618591
2015-03-26,106.978,108.531,104.451,105.156,756672.70919229
2015-03-27,105.3,107.074,104.623,106.625,551513.10014772
2015-03-30,106.978,108.312,106.978,108.312,451057.86443987
2015-03-31,108.217,108.407,105.814,106.625,622627.15419875
2015-04-01,106.187,106.883,105.509,105.863,525420.39522172
2015-04-02,105.995,106.625,105.909,106.138,215096.98991243
2015-04-07,107.15,107.15,105.776,105.909,690662.65506769
2015-04-08,106.454,107.874,105.739,105.814,654173.14634579
2015-04-09,105.863,106.272,104.451,105.022,588856.42225641
2015-04-10,105.7,106.31,104.49,105.995,601988.78540457
2015-04-13,105.995,106.138,104.585,105.462,488124.27409879
2015-04-14,104.804,104.804,103.24,104.232,608443.78243443
2015-04-15,104.232,105.909,103.736,104.927,671502.20158307
2015-04-16,105.3,107.111,105.3,107.111,1174322.7648247
2015-04-17,107.025,107.025,105.433,105.433,722017.74545011
2015-04-20,105.814,106.233,105.022,105.605,717060.59303492
2015-04-21,105.909,106.272,103.516,103.965,718037.12898467
2015-04-22,104.585,105.204,104.232,104.232,802787.02336526
2015-04-23,105.022,105.7,104.327,104.404,512691.86272947
2015-04-24,105.7,106.549,104.708,106.187,1504938.398366
2015-04-27,106.187,109.742,106.092,109.467,1705772.2992937
2015-04-28,109.294,111.601,108.847,111.516,1401565.0928276
2015-04-29,111.077,111.783,109.294,111.24,725895.56865768
2015-04-30,110.677,112.354,110.4,112.354,1265926.2423371
2015-05-04,112.574,115.863,112.574,115.511,1226077.0723402
2015-05-05,114.891,115.958,113.909,115.958,1184479.3680487
2015-05-06,115.511,116.711,114.347,114.747,897091.44617369
2015-05-07,114.347,114.347,113.117,113.546,670542.44820603
2015-05-08,113.957,115.682,113.785,115.424,757571.62574324
2015-05-11,113.736,114.281,112.945,112.945,458189.40893223
2015-05-12,112.85,113.508,110.801,113.289,1326774.6064416
2015-05-13,113.508,116.407,113.508,116.407,767031.75219957
2015-05-14,116.178,116.312,113.374,113.374,733341.78638841
2015-05-15,113.785,114.928,113.07,114.576,558271.23239721
2015-05-18,114.624,114.842,112.85,112.85,913175.4442978
2015-05-19,113.24,113.289,112.136,112.488,561489.29071499
2015-05-20,112.803,112.803,111.325,111.783,736573.48054652
2015-05-21,112.222,113.165,111.963,113.022,733255.77570326
2015-05-22,112.85,113.165,111.783,112.307,429242.61773416
2015-05-25,112.354,112.85,110.848,111.421,475049.60104433
2015-05-26,112.85,112.85,111.067,111.067,697599.10215226
2015-05-27,111.516,111.611,107.931,111.096,766763.23103616
2015-05-28,111.468,111.468,107.616,107.616,916266.58440944
2015-05-29,108.627,109.123,105.739,105.739,1482014.4529504
2015-06-01,105.909,108.98,105.909,108.722,878753.33875203
2015-06-02,108.77,108.818,105.547,106.004,839320.58634053
2015-06-03,106.196,108.027,105.776,106.834,515730.55730137
2015-06-05,106.282,106.282,103.488,103.85,785178.95785662
2015-06-08,103.85,104.127,100.59,101,821959.01486862
2015-06-09,101.648,102.698,99.989,101.42,1064543.7610638
2015-06-10,101.648,107.34,101.648,106.472,1440149.2764063
2015-06-11,106.377,106.834,104.718,104.718,1226051.8984811
2015-06-12,104.813,105.452,102.935,103.708,1023831.337483
2015-06-15,103.25,104.766,102.888,104.537,616737.52008718
2015-06-16,104.766,105.367,104.079,104.356,1001085.7069025
2015-06-17,104.632,104.995,102.793,102.793,851444.9462151
2015-06-18,103.536,104.079,102.202,103.164,702919.17770237
2015-06-19,103.079,103.345,101.143,101.191,1109879.7834272
2015-06-22,101.42,102.744,100.542,101.238,647060.48224773
2015-06-23,102.43,103.164,100.952,102.698,1286202.7369072
2015-06-24,103.164,103.345,101.191,101.878,816251.8912353
2015-06-25,101.42,102.202,100.952,101.878,1120535.6681894
2015-06-26,102.068,102.068,101.143,101.744,239723.31754761
2015-06-29,99.1218,100.323,97.7395,98.6262,640068.44289105
2015-06-30,98.6262,99.3594,96.4524,97.7871,785797.81522543
2015-07-01,98.2069,98.6262,96.3762,96.3762,984457.32407597
2015-07-02,96.6908,98.0254,96.4524,96.9196,762388.22411196
2015-07-03,97.2914,97.5583,95.9566,97.1103,542085.48992603
2015-07-06,95.2702,95.6325,93.62,95.2702,418923.43333707
2015-07-07,95.4037,95.5848,90.8637,90.901,1219178.3860442
2015-07-08,89.9457,91.6817,88.6805,91.3233,1663241.064395
2015-07-09,92.9754,94.3484,92.2405,94.1595,894905.51607779
2015-07-10,95.2702,96.1951,95.0033,95.0033,872759.86247179
2015-07-13,95.9186,96.0998,93.8926,94.0843,654201.46693724
2015-07-14,94.3016,94.3484,91.7819,92.6999,708423.86155234
2015-07-15,93.3387,94.1214,92.6084,93.7134,585538.71741315
2015-07-16,94.6706,95.9186,94.4437,95.9186,534695.9133782
2015-07-17,96.1474,96.3285,93.3387,93.5266,633498.0656738
2015-07-20,93.7134,93.7983,91.1402,91.1402,631601.63495719
2015-07-21,91.6437,92.2872,89.7903,90.8637,553767.20944528
2015-07-22,90.2861,90.2861,82.8783,82.8783,2182850.4938148
2015-07-23,83.521,85.0177,81.6866,81.6866,1606129.9694517
2015-07-24,80.7686,84.3475,77.5738,83.2464,2348755.6652829
2015-07-27,82.6038,92.9754,81.1356,89.9457,3716379.0537087
2015-07-28,89.8637,92.6999,88.1105,89.121,2102656.019015
2015-07-29,90.1945,90.3871,85.6593,85.688,1145566.8753913
2015-07-30,86.688,87.5508,84.8976,86.2743,1063972.1046808
2015-07-31,86.2743,87.5967,85.3762,87.1933,1319219.3019882
2015-08-03,86.2743,87.1019,86.0921,86.6785,528619.57314519
2015-08-04,86.2743,86.7243,84.1272,85.5582,646238.13618478
2015-08-05,85.6327,87.6519,84.6773,87.6519,808704.97806829
2015-08-06,87.1933,87.1933,82.3102,82.8783,906676.39301458
2015-08-07,83.2282,85.3571,82.6038,84.9443,540708.27005274
2015-08-10,85.7251,87.1933,84.623,86.9636,697457.49919499
2015-08-11,86.6423,88.8445,85.3571,86.5507,811243.34219118
2015-08-12,85.4954,85.4954,83.1081,84.8708,1195181.4048858
2015-08-13,85.3209,85.7251,83.6306,83.8889,709060.55040465
2015-08-14,87.1838,87.1838,83.3845,83.8889,636383.61926969
2015-08-17,83.9804,84.0634,82.6953,82.7782,450066.64373899
2015-08-18,82.6133,82.7782,78.7855,79.4824,1104079.3067332
2015-08-19,79.841,79.841,76.6653,77.0971,1447333.2664384
2015-08-20,77.3716,78.5196,76.1791,78.2908,1422986.9979854
2015-08-21,77.0228,77.5472,76.1523,76.9141,1191373.8587015
2015-08-24,73.4257,73.4257,63.5134,67.102,2582059.6487677
2015-08-25,66.0828,71.5905,65.8083,68.5072,1717974.2785671
2015-08-26,68.8362,69.2032,65.4498,65.4498,1411323.1099496
2015-08-27,67.3031,71.5905,67.3031,71.5618,2079095.3847471
2015-08-28,72.9671,73.2884,70.8744,72.9671,1378387.3109998
2015-08-31,72.9671,73.0129,70.1203,72.0767,847873.40495955
2015-09-01,71.0756,71.0756,68.7436,69.6894,633933.36365355
2015-09-02,70.617,72.3789,69.433,70.0384,1232462.8412576
2015-09-03,71.131,74.6088,71.131,73.8843,1313624.4118099
2015-09-04,73.3341,73.3341,70.3053,70.3053,888603.66002394
2015-09-07,71.5809,72.7002,70.8096,71.5905,843910.61997762
2015-09-08,71.8193,74.5268,71.7459,73.8376,1247291.2931606
2015-09-09,76.0866,77.4823,75.1703,76.5461,1449631.4299893
2015-09-10,76.445,78.4643,75.4822,78.4643,1374242.0155396
2015-09-11,78.4738,78.7035,77.3354,77.9047,636228.38047209
2015-09-14,76.6376,79.7589,75.445,77.5099,911625.15414341
2015-09-15,77.3259,78.6119,76.6376,78.6119,887393.21696699
2015-09-16,79.2527,80.5846,79.0697,80.5759,1101794.7790226
2015-09-17,80.7686,83.0538,80.5846,82.6038,1173025.2621718
2015-09-18,82.9251,82.9251,78.5291,79.6207,1517664.8330367
2015-09-21,79.7122,80.1717,78.1057,78.6119,670924.25173526
2015-09-22,78.7493,78.7493,74.3715,74.5268,1921144.1038343
2015-09-23,73.4257,75.6203,72.5267,73.4257,1157815.0067396
2015-09-24,73.8376,75.2619,73.2427,74.6832,942627.81049886
2015-09-25,75.2619,75.5917,74.2609,74.481,606470.78122982
2015-09-28,74.4352,74.4352,70.0384,70.1203,954057.79142741
2015-09-29,68.7436,71.9022,66.4508,71.5905,1477816.7119505
2015-09-30,72.9204,75.2524,72.5448,75.2152,1134189.3400025
2015-10-01,76.5461,77.693,73.7651,74.6375,1012799.9426564
2015-10-02,74.6745,75.1513,71.7001,72.2969,1088441.0956968
2015-10-05,73.8938,77.2802,73.6555,76.895,1247517.8578922
2015-10-06,76.4546,81.7781,75.1703,80.0335,1805354.8412205
2015-10-07,82.375,84.8061,81.6399,83.2464,3077775.9391976
2015-10-08,82.1452,84.5315,81.3005,83.521,1745684.4039383
2015-10-09,85.3571,87.689,85.3571,87.6519,2043568.7761347
2015-10-12,88.1476,89.0295,85.1932,85.5135,1255261.9662886
2015-10-13,85.0082,86.6051,83.989,86.5955,646447.9183437
2015-10-14,86.2743,86.688,84.2559,85.9539,857103.81995187
2015-10-15,86.688,87.6433,86.6423,87.4679,621116.72265456
2015-10-16,87.1933,88.019,85.8166,86.2286,944123.55729193
2015-10-19,84.623,87.0103,83.1548,83.7059,838050.35536829
2015-10-20,83.0804,85.2188,81.3473,84.623,766645.75302717
2015-10-21,85.3571,85.972,83.7059,84.0539,709965.76042037
2015-10-22,84.9729,87.854,84.4847,87.8359,936662.65481007
2015-10-23,87.9359,91.7819,87.9359,90.1297,2061779.9653502
2015-10-26,91.7734,91.7819,87.9264,88.1562,908101.86278441
2015-10-27,88.8445,89.0295,86.3667,86.3667,1092262.2777215
2015-10-28,85.3666,87.6433,84.2559,86.4773,713905.46936482
2015-10-29,86.2667,86.2667,82.4207,83.2654,1151732.3730418
2015-10-30,83.521,83.9804,81.6866,82.4751,1266495.8008986
2015-11-02,82.8336,85.0996,82.5123,85.0996,817666.87189719
2015-11-03,85.3571,85.6327,84.3199,84.7145,603668.0915867
2015-11-04,85.3571,88.0743,85.3571,86.0826,1155923.820577
2015-11-05,85.4038,85.6508,83.2654,83.2654,756799.62739843
2015-11-06,83.5868,83.8793,81.4292,82.1452,1199670.7430866
2015-11-09,82.1547,83.3102,81.8049,81.8049,519910.46681778
2015-11-10,81.8697,82.0709,78.5653,79.5292,850782.03459292
2015-11-12,78.9333,79.4643,74.5459,74.5459,1005441.8334324
2015-11-13,70.7639,73.4257,70.6904,70.9574,1479346.023889
2015-11-16,70.9479,71.3702,67.0925,67.0925,1815503.053158
2015-11-17,67.0925,72.5076,67.0925,71.7182,1438015.7918501
2015-11-18,72.3245,72.3245,67.6892,71.397,1295163.5818253
2015-11-19,72.0481,72.2149,69.6809,69.9383,901039.5464045
2015-11-20,70.9107,71.4798,70.0298,71.0118,1039761.1457203
2015-11-23,67.919,68.8277,65.8083,68.0572,1473466.8788854
2015-11-24,68.2022,69.5254,66.0828,67.4041,1589918.0042106
2015-11-25,68.5158,70.4883,66.5424,66.9094,1484369.2576843
2015-11-26,68.3776,69.2862,67.6616,68.7084,834415.87946507
2015-11-27,68.6808,68.6808,66.8446,67.5424,893959.39854107
2015-11-30,67.001,67.6244,66.019,66.3594,1590405.7477301
2015-12-01,67.4596,68.084,67.083,67.4041,634587.88398937
2015-12-02,67.6435,67.7712,62.4124,62.5497,2231425.5527118
2015-12-03,62.6421,63.421,61.6774,62.5955,1077281.7337532
2015-12-04,62.5955,62.8623,57.8219,61.0357,1922260.1449197
2015-12-07,61.4943,62.2741,57.1345,57.7685,1012612.1876241
2015-12-08,57.1431,58.2815,53.9675,54.2429,2092682.9751802
2015-12-09,54.3536,56.2078,52.1779,54.4822,2151428.2731415
2015-12-10,55.0696,56.1706,54.5184,55.0696,811397.53207798
2015-12-11,57.7122,58.1899,54.7015,55.9038,1300873.852191
2015-12-14,56.7942,56.7942,55.0505,55.4452,1056521.6913069
2015-12-15,55.5194,55.8951,54.9218,55.3441,1149263.2370314
2015-12-16,55.5739,56.9048,55.5462,55.9867,871875.63067196
2015-12-17,56.4462,56.7207,54.1514,54.2153,1807633.0754663
2015-12-18,54.61,55.8037,54.2886,55.4184,2011369.3125626
2015-12-21,55.3441,56.9972,55.161,56.4643,969078.19400581
2015-12-22,57.1249,57.9601,56.6482,57.042,913117.7542041
2015-12-23,57.8037,58.373,57.3633,57.6399,727606.34216364
2015-12-28,57.3815,57.9144,56.9048,57.3633,728886.01333303
2015-12-29,57.9601,60.1814,57.9325,59.6581,1016486.8640993
2015-12-30,60.09,60.09,58.2718,58.2718,549857.91891388
2016-01-04,55.0696,55.5739,54.426,54.6195,860728.85565794
2016-01-05,55.3908,56.0782,54.8855,55.2621,763803.20477385
2016-01-07,53.0503,53.6013,51.4067,51.7184,1513945.3953591
2016-01-08,52.5908,52.8482,49.7649,50.1139,1044468.6573664
2016-01-11,48.1394,49.6544,47.2767,48.6448,1134796.6593525
2016-01-12,48.6533,50.7002,48.1862,50.0386,938584.25938574
2016-01-13,50.9386,51.847,50.297,51.3056,874900.68940353
2016-01-14,51.3056,51.5258,50.297,51.4897,1399385.4561965
2016-01-15,50.7556,50.8747,48.5533,48.5533,1082849.3522509
2016-01-18,47.2672,49.3788,46.8094,48.8278,1183066.4852084
2016-01-19,50.3885,50.6554,49.6076,49.7554,987258.96480829
2016-01-20,48.8736,49.1949,47.6075,47.9927,1138998.5959956
2016-01-21,48.0947,49.3788,47.6799,48.6076,1058035.2695835
2016-01-22,49.4703,51.0129,49.3512,50.663,1142035.1927459
2016-01-25,51.1959,51.3056,50.3512,50.7002,825738.2404615
2016-01-26,50.1587,51.6641,50.03,51.4897,1456206.0028497
2016-01-27,52.1237,52.8568,51.8662,52.362,1454058.8824532
2016-01-28,52.7203,52.8853,51.2141,51.3981,1334177.8188297
2016-01-29,52.1046,53.3153,51.8567,52.7748,1984726.9783802
2016-02-01,52.3162,52.4067,51.2141,51.6365,726796.58303022
2016-02-02,52.3162,53.4727,51.4897,51.5449,1615881.6931089
2016-02-03,51.9481,52.6003,51.563,52.3162,997065.23182684
2016-02-04,53.6928,55.2525,53.5098,55.2525,1995918.8565584
2016-02-05,55.0696,58.3558,54.9313,56.5567,2528491.7744884
2016-02-08,56.675,57.6302,55.7664,56.8962,798384.7447604
2016-02-09,55.9867,57.1803,53.3153,54.0598,1710610.9247891
2016-02-10,54.0685,54.8398,53.3249,53.7653,806611.35212231
2016-02-11,53.3249,53.4173,51.627,52.4067,1412850.3240665
2016-02-12,52.6822,54.1333,52.5545,53.4907,886591.84911993
2016-02-15,55.3441,55.8675,54.6385,55.3441,990760.22904061
2016-02-16,55.9867,56.8037,55.5919,55.8408,1078901.2520201
2016-02-17,56.1803,60.0251,55.9133,59.5665,1930388.154667
2016-02-18,60.1167,63.2284,60.0347,60.6772,3107902.7550396
2016-02-19,60.9441,62.0176,60.274,60.9441,1600964.0837883
2016-02-22,62.8719,63.7881,62.4848,63.3286,1535252.9692402
2016-02-23,63.2189,64.0913,62.0721,62.9816,1140341.2018127
2016-02-24,62.4219,62.605,59.3559,59.9336,1646815.1213519
2016-02-25,59.8412,61.6774,59.374,59.9431,1342054.0899862
2016-02-26,61.2187,63.2104,60.9528,62.5955,2319606.4343015
2016-02-29,61.9529,62.5763,61.439,62.3561,1095398.5209973
2016-03-01,62.5315,62.8719,60.6772,62.1178,988105.43581952
2016-03-02,63.6508,64.0455,62.2284,62.8433,1481072.5310569
2016-03-03,61.5305,67.5424,61.0357,67.4596,3254216.3706866
2016-03-04,68.8362,70.0298,68.4511,69.9097,2456703.2707965
2016-03-07,69.7552,71.1214,68.6341,70.4512,1685709.7825257
2016-03-08,70.0298,70.5798,66.9094,67.001,1701400.4391019
2016-03-09,67.001,68.2775,65.9265,67.6892,1474046.9265548
2016-03-10,67.2755,68.3776,65.8998,65.955,1152251.5838852
2016-03-11,66.9915,67.8447,66.5509,66.5509,1032844.6279408
2016-03-14,67.3776,68.3319,67.0552,67.4138,1236630.1638445
2016-03-15,66.9543,68.0477,66.1296,67.1116,1268014.6237291
2016-03-16,67.4138,67.8637,64.4678,66.1105,1243213.1279913
2016-03-17,68.1021,69.7552,67.653,69.5254,2031322.7426079
2016-03-18,68.8362,70.4331,67.7903,69.8649,1899603.6717568
2016-03-21,69.2958,70.5436,68.8542,69.8829,674895.42800354
2016-03-22,69.6627,70.6714,67.919,70.6714,1185213.6056049
2016-03-23,70.6714,72.7831,69.2128,69.7552,2804002.8794363
2016-03-24,69.5617,69.5617,67.3414,68.3319,1474835.7074723
2016-03-29,70.0765,70.8744,68.4691,68.8362,1513401.0106567
2016-03-30,69.3224,70.2682,68.8362,69.9383,1076518.1266948
2016-03-31,69.7552,69.8467,68.5988,69.8467,1259161.8166229
2016-04-01,69.5712,69.7085,67.5329,68.8277,1032734.4923074
2016-04-04,68.6436,68.6436,66.6892,67.2212,1229348.6251085
2016-04-05,66.9094,66.9094,64.3945,64.3945,1485372.0164039
2016-04-06,64.3401,65.5871,63.7881,64.0179,1259335.9358148
2016-04-07,64.9817,65.1553,62.2284,62.2284,1521029.7388657
2016-04-08,62.4124,63.4039,61.1549,61.4017,1559363.2327644
2016-04-11,61.7231,63.5869,61.4104,63.0081,993417.12008328
2016-04-12,63.7518,64.5508,62.9167,63.8987,1070541.4329873
2016-04-13,65.6243,67.368,65.2658,67.2307,1601093.0998161
2016-04-14,67.001,67.4413,65.8998,66.8093,993320.62029018
2016-04-15,66.1658,66.5977,64.8158,65.1648,833931.28267797
2016-04-18,64.0369,65.3669,63.5134,65.0732,758700.25375821
2016-04-19,66.1296,68.5158,65.7349,68.5158,1552611.3939797
2016-04-20,68.1021,70.2052,67.5329,69.8924,1606355.4852725
2016-04-21,70.6714,71.7001,68.5158,69.2958,1574596.5642342
2016-04-22,69.0106,69.782,68.065,69.2958,984626.19871389
2016-04-25,69.066,69.1212,67.4328,67.8733,941469.81298164
2016-04-26,67.1382,68.287,67.0467,67.6988,749759.3381452
2016-04-27,67.184,68.6521,66.6796,66.6796,721685.24072823
2016-04-28,66.6615,67.0925,64.5956,66.3402,936285.04692402
2016-04-29,66.7712,68.2946,65.4765,68.2488,1771865.2173711
2016-05-02,68.1668,68.3871,67.2212,67.2755,555595.46096024
2016-05-04,64.6328,65.7615,63.7976,64.6423,1686531.0796779
2016-05-05,64.6423,64.6423,62.1092,62.1368,1539544.0633008
2016-05-06,62.2284,63.605,61.274,62.8719,1275159.8040618
2016-05-09,61.9795,62.4667,61.0538,61.4476,857294.72171648
2016-05-10,61.7688,61.7688,59.272,59.6581,1455313.3797636
2016-05-11,60.274,60.7688,59.7877,59.8507,770096.66954134
2016-05-12,60.5666,60.5762,58.6294,58.6294,891540.61024877
2016-05-13,58.0059,58.6294,57.5569,57.8314,1093306.9928729
2016-05-16,59.1995,61.1739,58.8497,60.7593,1636229.513613
2016-05-17,61.907,62.8623,59.6771,59.8049,2371469.8285396
2016-05-18,59.5293,59.5293,57.1803,58.2815,1354553.9599253
2016-05-19,57.8219,57.8219,56.4186,56.9048,1016523.5759771
2016-05-20,57.6399,58.6026,57.0516,57.0516,828170.66459413
2016-05-23,57.0983,57.9515,56.4366,57.5292,431613.15612992
2016-05-24,57.2718,58.4463,57.0887,58.0612,989574.95984273
2016-05-25,58.7314,60.0709,58.3272,59.291,1440522.6886492
2016-05-27,60.2092,60.3006,57.492,57.492,895003.06478168
2016-05-30,57.8219,57.9144,55.6291,56.5834,700005.30351503
2016-05-31,57.1345,57.2365,55.3536,55.3536,1540405.2190632
2016-06-01,54.9408,54.9685,52.9215,52.9215,1183979.0375997
2016-06-02,53.2334,53.5728,52.3342,52.5822,1205823.6538076
2016-06-03,53.4344,55.8037,53.3249,54.9685,1600202.5745515
2016-06-06,56.0973,57.0887,55.4537,56.1706,780979.11903512
2016-06-07,55.7121,56.8132,54.9218,55.7121,899336.1152741
2016-06-08,55.8037,57.1068,54.9218,57.1068,1033216.9912729
2016-06-09,57.8219,58.2356,55.4184,55.6835,1254629.4730795
2016-06-10,55.6835,55.8951,54.344,54.9313,642964.48559489
2016-06-13,55.0227,55.1333,53.9226,54.8855,736639.56192658
2016-06-14,54.61,55.0323,53.6013,54.7015,771954.29055854
2016-06-15,55.161,56.0325,54.876,55.5739,1388834.4625138
2016-06-16,54.978,55.2163,53.9589,54.3344,1363198.0337834
2016-06-17,54.7939,55.7121,54.6195,55.7121,1652739.3695197
2016-06-20,56.1888,57.208,56.1888,57.1803,870263.45478068
2016-06-21,57.1249,57.5015,56.3079,56.9048,716642.07762788
2016-06-22,57.6856,58.3643,57.5483,57.6856,1237052.8748947
2016-06-23,57.6761,59.8144,57.2718,59.2995,1329973.7843651
2016-06-24,52.3162,56.8132,51.1874,56.7122,1971857.8918415
2016-06-27,56.9505,57.7399,55.9323,55.9867,646610.49951686
2016-06-28,57.3633,58.9154,56.9048,58.6856,1583038.1983089
2016-06-29,59.0165,60.5762,58.658,60.5762,930725.81971274
2016-06-30,60.5762,60.7593,58.9793,60.5762,951398.80256315
2016-07-01,61.0357,62.7518,60.8241,62.5039,1100373.504896
2016-07-04,61.7688,64.6518,61.6774,62.9167,1607976.0524501
2016-07-05,62.9167,63.7881,61.5028,61.5028,1053692.7788939
2016-07-06,61.356,62.2093,60.3006,60.989,2164783.0053781
2016-07-07,60.9441,63.1369,60.8974,62.2932,1509132.9926335
2016-07-08,62.4124,62.9634,62.1178,62.4219,1107861.6790585
2016-07-11,63.6508,65.6243,63.605,65.6243,1689194.2641853
2016-07-12,66.0828,67.001,64.1276,64.4764,1688146.4023016
2016-07-13,66.0095,67.1658,65.3945,67.102,1922532.8617263
2016-07-14,67.9362,69.3224,67.3832,69.3224,2275980.1365333
2016-07-15,68.9668,71.6562,68.657,71.1118,2127244.5858616
2016-07-18,70.1852,72.0214,69.6228,71.6085,1463069.0261787
2016-07-19,71.9088,71.9088,70.7477,70.9345,941463.51951687
2016-07-20,71.1967,71.1967,69.5379,70.578,1429612.9674747
2016-07-21,70.7562,71.9556,70.5875,71.9175,1105877.1398351
2016-07-22,71.3188,72.602,71.0279,72.152,1208538.234944
2016-07-25,72.2093,73.0148,71.9175,72.0586,1294551.0179212
2016-07-26,72.0586,72.3217,71.131,71.9556,902966.39553414
2016-07-27,71.6839,74.6545,71.5905,73.9891,973190.97323137
2016-07-28,74.1302,75.5727,74.1302,74.7385,1320698.2662086
2016-07-29,74.6545,74.6545,73.0987,73.6049,1534757.8833452
2016-08-01,74.0635,74.9072,73.2674,73.8671,416418.63435961
2016-08-02,74.0273,74.8701,73.1836,73.2769,1354791.0137649
2016-08-03,73.0892,73.8203,72.274,72.9023,1190266.2089024
2016-08-04,72.4342,74.3075,72.4342,73.8862,906900.85992462
2016-08-05,73.8957,74.6164,73.8957,74.3457,546577.97485922
2016-08-08,74.401,75.1885,74.3638,75.1513,623614.17925646
2016-08-09,74.4943,74.5707,73.2016,73.5582,1689889.6920422
2016-08-10,73.5582,75.1323,73.38,74.9167,758894.30225521
2016-08-11,74.8701,75.0483,73.9052,74.7195,460199.12201465
2016-08-12,74.7195,74.7766,73.9329,74.2142,410817.45071655
2016-08-16,73.8481,75.1046,73.7641,74.5326,813859.32571286
2016-08-17,74.0368,74.7766,73.5582,73.5773,1210250.0573607
2016-08-18,72.9957,74.2142,70.4006,74.2046,1222003.102814
2016-08-19,73.9329,74.4201,72.4522,73.0148,865357.69899443
2016-08-22,71.8908,72.133,70.9813,71.3092,1292381.8703981
2016-08-23,71.2158,72.5181,71.2063,71.9365,761932.99682711
2016-08-24,71.2158,72.9957,71.1691,71.6839,717791.68385874
2016-08-25,71.2158,71.2158,68.9945,69.4349,1366747.5479123
2016-08-26,69.5292,70.9155,69.2004,70.1471,605691.44050944
2016-08-29,69.5292,70.1375,68.4224,68.4987,537059.10939839
2016-08-30,68.4224,68.7046,67.2794,68.0945,849100.63058921
2016-08-31,68.0945,69.4168,67.6169,68.6379,807385.44828871
2016-09-01,69.5292,69.8096,67.2335,67.2335,524625.32083942
2016-09-02,67.5605,68.8724,67.0925,68.4987,446079.73380879
2016-09-05,68.4043,70.4464,68.4043,70.0917,486833.06491066
2016-09-06,70.4655,71.5905,69.1632,71.1118,629723.0357241
2016-09-07,72.049,74.0921,72.049,73.1836,903704.82873353
2016-09-08,73.0987,73.745,70.8868,70.9718,790012.33879806
2016-09-09,70.6533,70.9718,67.7017,67.7017,1104557.6100555
2016-09-12,66.7836,67.0457,64.6089,66.1181,1608350.5136038
2016-09-13,67.9362,68.0391,65.219,65.5928,1212406.6179544
2016-09-14,66.062,67.0639,65.9674,66.755,809135.03149407
2016-09-15,67.3737,68.2259,66.7645,66.999,727251.81031507
2016-09-16,67.4671,67.7484,65.7806,65.7806,1112211.5121236
2016-09-19,66.4365,67.1583,65.874,66.2774,483232.15415286
2016-09-20,66.08,67.0542,66.0705,66.549,818674.87517079
2016-09-21,66.6997,67.1211,66.6234,66.8208,952437.22424978
2016-09-22,67.7017,70.0822,67.7017,69.6228,1104057.2796065
2016-09-23,69.6132,69.7066,68.0763,69.1451,725102.59209697
2016-09-26,68.4129,68.657,67.3175,68.4043,904692.90270202
2016-09-27,68.4043,68.6112,66.999,67.655,846005.2948344
2016-09-28,67.6359,69.0326,67.4862,68.6293,672369.65081019
2016-09-29,69.3415,69.7161,68.6379,69.5292,961620.43825634
2016-09-30,68.7418,70.25,68.7141,69.8096,970963.08670368
2016-10-03,69.8096,70.7381,68.6017,68.8914,620009.07285548
2016-10-04,68.779,70.2309,68.0391,69.9974,763154.9779028
2016-10-05,68.4987,69.5845,68.3099,69.0135,868815.95788416
2016-10-06,68.676,69.023,67.673,68.4043,623072.94128645
2016-10-07,68.3099,69.5569,67.655,68.8267,570053.64735275
2016-10-10,69.1069,69.922,68.9668,69.2948,554873.81033356
2016-10-11,69.454,69.5569,67.6264,67.7484,701420.28417692
2016-10-12,67.4671,68.7504,67.2794,68.5634,487094.24369851
2016-10-13,67.4671,67.9267,65.9494,66.1086,1027023.1730309
2016-10-14,66.7645,67.0542,64.853,65.3678,967988.37569024
2016-10-17,65.4993,65.4993,63.3534,63.729,1140750.2770226
2016-10-18,64.6471,66.1553,64.5632,65.2648,779286.17701267
2016-10-19,65.406,66.1372,64.7882,64.9369,577300.57203251
2016-10-20,65.5833,65.5833,64.5346,64.5346,366401.32312
2016-10-21,64.5346,65.6872,64.1971,64.7119,786015.9886707
2016-10-24,65.4993,66.2859,65.2839,66.1372,423522.90717131
2016-10-25,68.0296,68.3957,66.6901,66.6901,707785.07487844
2016-10-26,66.9056,67.5797,65.4527,67.4671,638987.01586184
2016-10-27,67.1488,67.8046,66.2678,66.3145,747061.53958154
2016-10-28,66.5204,67.2794,65.7053,67.2794,516820.37561694
2016-10-31,66.9152,67.7017,66.2954,66.6044,609059.49307084
2016-11-02,66.2774,66.3145,64.3286,64.6566,909681.52244105
2016-11-03,64.6566,65.5747,64.0379,65.1066,763869.28615391
2016-11-04,65.2277,66.3431,65.1247,66.2859,700285.36269718
2016-11-07,67.6922,68.8447,67.4862,67.8885,1219522.4287848
2016-11-08,68.0763,70.2309,68.0763,70.2309,1329555.268958
2016-11-09,69.4349,75.9007,69.351,75.9007,4350262.0696441
2016-11-10,81.6162,85.2713,80.127,82.0108,4478064.5075883
2016-11-14,84.3437,85.0369,78.8618,78.8618,2240373.8107004
2016-11-15,76.8377,78.7121,76.0035,77.3068,1490627.0594847
2016-11-16,77.7645,78.0561,76.1905,76.8377,1056133.5943129
2016-11-17,76.875,78.5062,76.4631,76.7625,1087349.1795596
2016-11-18,76.3696,76.3696,75.2542,75.9007,554995.48398573
2016-11-21,78.4309,78.7121,77.4842,77.7091,765906.27091699
2016-11-22,79.6494,80.9792,79.1993,79.6494,1150666.6796745
2016-11-23,80.7733,81.2424,78.9553,81.1576,1237001.4782657
2016-11-24,82.6476,84.1464,82.3197,84.1464,1399005.7504888
2016-11-25,84.2312,84.2312,82.3855,82.9747,997047.40034333
2016-11-28,84.4276,85.1587,82.9289,82.9289,843047.36639368
2016-11-29,81.9918,83.9499,81.0545,81.4197,1312009.0891863
2016-11-30,81.1576,84.2407,80.2108,81.8602,1579295.6845939
2016-12-01,83.0966,83.0966,79.6494,81.3815,1278755.4702656
2016-12-02,81.1947,81.8506,80.7447,81.3358,689445.91854597
2016-12-05,83.5657,86.6489,83.2855,86.0579,2088346.7779554
2016-12-06,86.3858,89.572,85.8806,89.3003,1811086.0898021
2016-12-07,90.4243,92.2052,88.1009,88.3164,2338830.8713446
2016-12-08,88.3164,91.7838,87.7072,91.7838,1756926.6298346
2016-12-09,91.8305,92.5512,90.5187,90.6588,1279103.7086494
2016-12-12,91.3053,91.3053,89.2163,90.3403,675169.19372093
2016-12-13,89.9562,91.2681,89.02,89.7694,929037.07333346
2016-12-14,89.02,89.3003,86.893,87.6977,1450553.4225777
2016-12-15,87.8483,88.7378,85.6642,85.9929,1158754.8308116
2016-12-16,85.7861,86.6489,83.8652,84.3342,2032649.6147631
2016-12-19,83.3026,84.1187,82.0385,84.1187,1170772.2017851
2016-12-20,84.3437,86.7233,83.622,86.4802,702184.94014617
2016-12-21,87.1447,88.017,85.9273,86.3304,554649.34342352
2016-12-22,84.7089,86.8453,84.0529,86.8167,773541.29259074
2016-12-23,86.6679,86.9578,85.0559,85.4582,394322.27956096
2016-12-27,85.0845,86.3858,85.0369,86.2085,470034.75853544
2016-12-28,86.7042,87.4269,86.199,86.2085,808205.69653007
2016-12-29,86.2085,87.3983,85.9273,85.9273,391413.64992759
2016-12-30,86.3019,87.1447,86.0016,86.6584,402429.31109228
2017-01-02,86.6584,86.8167,85.8433,86.3677,182368.8752999
2017-01-03,87.6137,89.8341,87.2114,88.0818,1138876.9223434
2017-01-04,88.5977,90.0505,87.9884,89.9562,1200999.7130633
2017-01-05,89.9562,90.6683,89.2068,89.7779,907758.86895459
2017-01-09,89.4594,90.2374,89.2068,89.9562,519124.83263264
2017-01-10,90.7999,94.5,90.7999,93.8926,1706769.8134594
2017-01-11,94.6419,99.3317,94.5,99.1891,2704864.0267757
2017-01-12,99.6079,102.421,99.4643,101.295,3367365.5248304
2017-01-13,101.391,102.888,100.028,102.134,1370606.4907255
2017-01-16,102.134,104.708,102.134,103.079,1268543.2747696
2017-01-17,101.438,103.546,100.361,102.84,1185622.6808148
2017-01-18,102.602,107.531,102.134,106.215,2098382.7564379
2017-01-19,106.683,107.292,104.299,105.605,1269919.4457321
2017-01-20,104.947,105.881,104.67,105.834,915848.0690024
2017-01-23,106.358,107.245,105.786,105.881,569689.67530703
2017-01-24,106.072,110.572,105.977,110.191,1853019.4455478
2017-01-25,111.506,114.928,111.506,114.928,2262737.6377517
2017-01-26,115.72,117.502,113.756,114.366,1608779.5181188
2017-01-27,113.374,117.694,105.977,117.131,1909826.3563608
2017-01-30,117.131,118.533,114.595,114.595,1183918.2007736
2017-01-31,114.595,117.551,113.47,116.102,1352953.3220527
2017-02-01,117.551,120.649,117.551,118.771,1200952.5120776
2017-02-02,118.999,118.999,116.34,117.598,772023.51867098
2017-02-03,116.102,116.988,115.071,116.292,991214.40741466
2017-02-06,116.387,118.351,115.863,118.017,611330.38494111
2017-02-07,116.94,117.741,116.007,116.845,1104499.9199618
2017-02-08,118.533,118.818,116.197,116.197,1236872.462238
2017-02-09,116.893,117.464,115.443,116.053,1145294.1585847
2017-02-10,117.226,119.382,115.816,118.867,1655979.4549641
2017-02-13,122.757,122.937,120.926,122.708,1152848.4141273
2017-02-14,122.757,123.223,120.877,120.877,1222488.7485119
2017-02-15,118.723,120.831,117.694,120.831,1112098.2297578
2017-02-16,120.649,121.583,119.143,120.782,832180.65056182
2017-02-17,120.41,120.687,119.238,119.753,917376.3320301
2017-02-20,120.554,122.193,120.505,122.193,678713.46329582
2017-02-21,121.679,127.018,121.583,126.97,1374617.525604
2017-02-22,126.503,127.437,124.109,125.14,1090701.4984591
2017-02-23,124.444,127.199,123.69,124.625,1145324.5769977
2017-02-24,124.72,124.767,119.523,122.289,2246644.1994304
2017-02-27,122.289,124.157,120.734,122.518,715801.90008142
2017-02-28,121.955,122.289,120.039,120.877,954414.42109757
2017-03-01,123.27,124.062,121.908,123.223,888324.64975258
2017-03-02,123.643,123.967,120.973,122.003,784647.16008377
2017-03-03,120.505,120.734,118.628,119.572,881539.24582243
2017-03-06,118.999,119.382,116.474,116.474,754360.90980103
2017-03-07,116.197,117.502,111.458,111.458,1955706.7634266
2017-03-08,111.506,114.881,111.506,112.917,829886.68265407
2017-03-09,111.049,111.745,108.275,110.009,1400841.3443794
2017-03-10,110.762,112.965,110.572,110.572,846720.6519963
2017-03-13,113.204,114.976,112.917,114.833,1038165.7524017
2017-03-14,115.768,116.845,113.012,116.425,1100515.1078532
2017-03-15,116.569,118.58,115.538,115.672,883006.67202405
2017-03-16,118.999,120.039,118.161,119.849,894022.33318875
2017-03-17,118.999,121.297,117.875,118.999,1846631.5788088
2017-03-20,118.065,118.962,116.007,117.694,811812.90075264
2017-03-21,116.292,118.446,114.69,115.263,1115665.5753702
2017-03-22,113.374,115.348,111.697,115.024,877715.96597619
2017-03-23,116.149,116.664,112.822,113.756,978509.99987069
2017-03-24,114.319,115.348,112.25,112.441,510554.18253012
2017-03-27,110.572,111.173,109.017,109.875,912558.68475059
2017-03-28,111.65,112.965,110.619,111.506,479821.09624888
2017-03-29,113.565,114.69,109.447,111.049,1275930.7534958
2017-03-30,111.697,111.888,108.322,111.84,723828.16548156
2017-03-31,111.363,111.363,108.513,108.513,841878.87976852
2017-04-03,110.191,111.792,108.884,110.524,588462.03179765
2017-04-04,109.637,113.06,109.494,112.536,881394.49613278
2017-04-05,114.137,120.41,113.204,120.41,1421616.0715768
2017-04-06,119.19,120.687,117.875,120.601,1068543.2579236
2017-04-07,118.628,121.345,118.351,121.345,1071402.5887496
2017-04-10,120.877,120.877,118.304,118.304,570835.08589471
2017-04-11,118.304,118.446,114.089,114.415,1047934.2586317
2017-04-12,113.374,116.007,112.536,113.851,673275.90973671
2017-04-13,115.215,115.72,111.601,113.804,524401.90284018
2017-04-18,113.804,114.042,110.572,110.572,702460.80368514
2017-04-19,111.601,113.851,110.762,113.374,756320.27516531
2017-04-20,112.631,115.538,112.163,114.089,788167.30471039
2017-04-21,115.263,115.587,113.012,113.012,503501.30634735
2017-04-24,116.197,116.197,114.137,114.415,425188.57751311
2017-04-25,115.263,116.52,114.786,116.197,649098.51592161
2017-04-26,115.443,118.161,115.31,118.017,647224.11233169
2017-04-27,117.084,117.551,114.881,114.881,601062.59717296
2017-04-28,114.69,115.911,114.186,115.348,767939.06003688
2017-05-02,115.816,116.425,114.595,115.443,480408.48629385
2017-05-04,112.441,113.374,109.447,111.22,1665560.2061618
2017-05-05,110.619,111.792,108.837,110.953,1005421.9041273
2017-05-08,110.906,110.906,105.233,106.588,1658206.292581
2017-05-09,106.588,109.637,105.605,108.971,938091.27131229
2017-05-10,108.884,109.733,106.911,107.054,924264.52921812
2017-05-11,108.465,111.049,107.76,107.902,788746.303469
2017-05-12,107.94,110.095,107.531,110.095,571363.73693518
2017-05-15,111.411,112.297,109.829,110.095,561515.51348485
2017-05-16,109.685,110.476,107.34,107.436,788811.33593826
2017-05-17,106.549,108.837,105.462,105.509,583042.30972205
2017-05-18,104.947,106.729,103.125,105.186,683691.5939269
2017-05-19,105.881,108.322,105.462,107.76,757271.63725599
2017-05-22,107.988,108.798,106.358,107.988,574632.14297109
2017-05-23,106.825,107.245,103.965,104.012,904531.37043966
2017-05-24,103.641,104.67,102.087,103.498,944824.22970271
2017-05-25,104.336,107.578,104.336,107.006,953275.30397465
2017-05-26,106.5,107.855,103.68,103.775,724934.76636984
2017-05-29,103.593,104.156,103.212,103.965,152323.87449991
2017-05-30,102.983,103.546,102.182,102.23,391865.73048005
2017-05-31,102.134,102.516,98.9022,99.0456,1391194.5118016
2017-06-01,99.3317,102.134,98.8069,102.134,599916.13767448
2017-06-02,102.134,103.125,100.075,101.716,577004.77918844
2017-06-05,101.295,101.62,99.8841,101.248,250051.94214185
2017-06-06,100.685,103.403,99.8841,103.403,706884.06050589
2017-06-07,102.888,104.708,100.123,100.266,805694.60408784
2017-06-08,100.962,105.377,100.962,105.377,1072444.1571686
2017-06-09,106.729,107.578,104.623,107.292,840867.72976254
2017-06-12,107.101,107.101,103.726,104.012,582216.81692671
2017-06-13,103.174,104.204,102.698,102.793,635202.54571499
2017-06-14,103.546,104.012,100.924,101.2,404300.56794981
2017-06-16,101.295,101.811,99.9326,99.9326,998380.56596324
2017-06-19,101.01,103.821,101.01,102.325,471016.53903916
2017-06-20,102.564,103.03,98.9984,99.799,656724.09739821
2017-06-21,99.9801,103.03,98.5309,103.03,724114.51812848
2017-06-22,102.134,102.469,100.456,101.438,556828.98005466
2017-06-23,102.134,103.593,101.762,101.953,1174972.0406066
2017-06-26,103.174,104.012,102.649,102.744,623830.25488014
2017-06-27,103.546,105.423,102.421,104.385,1080769.3621452
2017-06-28,104.251,104.623,102.793,103.403,783305.6031775
2017-06-29,106.358,107.054,104.528,105.509,464331.8305453
2017-06-30,105.605,105.747,102.888,103.68,429153.46031663
2017-07-03,104.204,105.423,102.602,104.299,601184.27082513
2017-07-04,102.698,105.09,102.602,104.757,276121.57103038
2017-07-05,104.108,105.881,103.821,104.528,470703.96362238
2017-07-06,104.947,106.405,103.68,104.299,322648.10714562
2017-07-07,104.528,105.09,101.762,101.762,613856.16213446
2017-07-10,102.134,102.602,100.361,100.876,383363.25957917
2017-07-11,101.572,102.983,101.487,102.001,412958.27764829
2017-07-12,102.983,106.31,102.516,106.31,1040068.4765831
2017-07-13,107.302,108.674,106.825,108.151,837748.26905946
2017-07-14,107.682,108.722,107.111,108.389,512816.68311403
2017-07-17,109.047,113.632,109.047,113.585,1187508.6224234
2017-07-18,113.394,115.196,112.259,114.395,998559.92970911
2017-07-19,114.719,116.044,113.117,114.814,918404.26460879
2017-07-20,114.767,115.711,111.935,112.498,858083.502634
2017-07-21,113.308,114.672,112.078,112.078,703597.82298647
2017-07-24,111.888,112.498,110.466,110.466,761917.26316519
2017-07-25,113.441,115.291,112.641,115.291,1411703.864568
2017-07-26,116.474,117.932,115.806,117.226,988776.73872805
2017-07-27,117.607,118.742,115.901,117.799,653416.8816629
2017-07-28,116.33,116.569,114.576,115.052,803057.64235026
2017-07-31,116.94,118.075,115.338,115.616,1094862.5275812
2017-08-01,115.949,115.997,113.632,114.395,1120536.7171002
2017-08-02,114.395,115.243,112.545,112.545,701115.05113569
2017-08-03,112.307,113.87,111.553,113.165,594581.37737324
2017-08-04,114.3,114.395,112.545,113.394,485274.38346991
2017-08-07,113.394,115.338,112.878,114.91,578934.77505047
2017-08-08,114.814,117.932,114.347,117.885,755965.74331674
2017-08-09,118.171,118.551,115.577,116.52,685809.34482116
2017-08-10,116.52,117.464,113.536,114.014,398316.53186673
2017-08-11,112.688,113.308,112.03,112.173,643342.09348094
2017-08-14,113.07,113.26,111.697,112.222,385590.09719607
2017-08-16,112.498,116.845,111.84,116.282,800480.46852798
2017-08-17,116.664,116.749,113.68,113.775,592874.79951045
2017-08-18,113.775,114.395,112.03,112.222,900172.09717738
2017-08-21,113.441,114.719,113.022,114.719,370955.69379007
2017-08-22,115.433,117.464,115.433,116.378,900118.60272685
2017-08-23,116.378,116.749,114.528,115.528,398716.16687946
2017-08-24,115.711,117.274,115.338,116.798,609847.22507758
2017-08-25,118.933,120.068,118.171,119.114,1087234.848283
2017-08-28,119.973,120.535,118.217,119.685,558246.05853814
2017-08-29,120.068,120.153,117.464,119.782,756213.28626426
2017-08-30,120.344,120.868,119.399,119.877,684752.04274022
2017-08-31,120.535,121.24,118.217,119.209,891971.71258534
2017-09-01,119.638,120.439,118.647,120.153,403677.51493783
2017-09-04,120.019,121.202,119.877,121.011,371570.3555157
2017-09-05,121.669,125.025,120.821,121.765,1571913.4504216
2017-09-06,122.422,122.708,118.742,118.933,713066.34072915
2017-09-07,119.353,120.63,118.504,118.933,622754.0724049
2017-09-08,118.171,118.171,115.387,116.664,979365.91107907
2017-09-11,117.885,119.114,116.749,118.599,544880.83719359
2017-09-12,118.647,118.981,115.997,116.94,508549.71400167
2017-09-13,116.893,116.94,113.346,113.728,1153274.2719099
2017-09-14,113.165,114.672,112.126,113.585,639151.69485659
2017-09-15,114.109,114.347,112.498,112.498,1001167.5219444
2017-09-18,114.767,115.243,112.737,112.832,607401.16510461
2017-09-19,112.975,114.014,112.832,113.919,258231.348518
2017-09-20,114.395,114.91,112.783,113.68,309272.39669312
2017-09-21,112.402,112.402,109.475,110.562,994326.52574218
2017-09-22,108.999,111.411,108.197,111.411,671813.72808906
2017-09-25,110.61,111.22,108.627,109.238,490110.91114372
2017-09-26,109.475,110.991,107.206,107.206,773678.69990483
2017-09-27,108.856,109.142,107.397,107.587,567370.53354021
2017-09-28,107.587,108.531,106.454,107.444,483216.42049094
2017-09-29,109.189,111.315,108.856,110.991,823942.50518117
2017-10-02,111.363,112.078,110.133,110.753,531742.18058066
2017-10-03,110.61,112.126,110.228,110.515,499391.67385418
2017-10-04,111.22,111.506,108.151,108.151,587481.30020472
2017-10-05,109.142,113.824,109.142,113.824,1394983.1775916
2017-10-06,114.481,115.528,111.983,114.156,870228.84072446
2017-10-09,114.3,115.338,112.878,114.395,531914.20195097
2017-10-10,115.148,115.148,113.213,114.719,357832.77083906
2017-10-11,115.338,116.569,114.481,115.711,779512.7417443
2017-10-12,116.845,117.512,116.139,116.569,614141.46587059
2017-10-13,116.749,117.035,114.204,114.767,507198.71689825
2017-10-16,118.217,120.201,117.932,119.829,1267824.7708753
2017-10-17,119.162,120.391,118.122,119.066,916523.56755411
2017-10-18,119.162,120.201,117.702,119.59,726175.62783983
2017-10-19,119.019,119.495,116.33,116.893,555361.55385304
2017-10-20,118.171,118.837,115.711,115.711,400275.897231
2017-10-23,115.806,116.52,114.957,115.338,422438.33340972
2017-10-24,116.569,117.274,114.672,115.528,573075.55935193
2017-10-25,114.395,115.997,113.585,114.672,431673.992956
2017-10-26,114.481,116.282,112.783,114.109,593294.36382829
2017-10-27,111.086,113.585,110.133,113.585,901134.9972868
2017-10-30,114.109,115.338,114.109,115.338,261053.96746621
2017-10-31,115.806,116.664,114.347,116.235,341974.28853579
2017-11-02,116.425,117.369,115.052,116.187,343953.58320516
2017-11-03,115.997,116.187,114.061,115.901,173172.02545301
2017-11-06,115.901,118.551,115.577,117.932,409183.24769859
2017-11-07,117.751,118.933,115.662,115.662,559902.28868279
2017-11-08,115.052,115.616,114.109,114.719,404287.98102028
2017-11-09,114.204,114.395,112.593,114.061,535186.80363007
2017-11-10,114.109,115.196,113.022,113.824,242803.96855129
2017-11-13,114.395,115.949,112.737,115.387,412642.55549912
2017-11-14,114.91,115.577,112.03,112.593,714878.85858219
2017-11-15,110.562,110.705,106.024,106.024,2175663.3570503
2017-11-16,106.634,107.492,104.28,104.652,991955.98734643
2017-11-17,105.691,106.168,104.699,105.881,526459.86581915
2017-11-20,105.834,107.302,104.747,105.881,456653.80352896
2017-11-21,106.358,110.515,106.168,109.189,654916.82409915
2017-11-22,110.038,110.848,107.77,108.007,543298.03080456
2017-11-23,107.636,107.682,106.024,106.549,429483.86721692
2017-11-24,107.302,108.531,107.111,107.541,539026.86604903
2017-11-27,106.634,106.634,105.318,106.072,469381.28711041
2017-11-28,105.547,105.547,102.058,103.85,1233591.4692726
2017-11-29,103.994,103.994,100.495,101.533,1001016.47879
2017-11-30,101.153,102.382,99.5515,100.962,1472256.4358284
2017-12-01,101.153,102.573,100.781,102.573,1505870.8800624
2017-12-04,103.23,103.469,101.2,101.677,525750.80212201
2017-12-05,99.2644,99.6465,96.6622,97.4725,1161156.8365312
2017-12-06,96.3381,97.9397,94.8699,95.6707,990087.87722128
2017-12-07,95.623,97.1866,94.3016,94.5381,843127.08361407
2017-12-08,96.4334,97.892,96.0043,96.8051,692653.4877558
2017-12-11,96.8051,97.5202,96.0043,97.3296,548736.63327447
2017-12-12,97.3772,97.8444,95.6707,96.9482,587164.52914475
2017-12-13,96.5192,98.3209,96.1474,97.7013,951676.76392371
2017-12-14,97.9397,99.598,97.4725,98.369,1045742.035071
2017-12-15,98.6066,99.4564,97.7013,98.2256,1547618.5785975
2017-12-18,100.685,102.573,99.9227,102.573,1014708.9603025
2017-12-19,101.963,102.907,101.105,101.153,655005.98151669
2017-12-20,101.772,104.604,101.772,103.899,825817.95768189
2017-12-21,104.184,105.414,103.05,104.699,605627.45695097
2017-12-22,104.652,104.937,103.23,103.279,267263.51937014
2017-12-27,105.834,106.549,104.986,105.596,686203.73527992
2017-12-28,106.778,106.92,105.786,106.683,616581.23237879
2017-12-29,105.881,106.825,105.128,105.128,469477.78690351
2018-01-03,105.318,105.596,100.829,103.421,648569.86488114
2018-01-04,105.176,107.206,104.232,106.92,678713.46329582
2018-01-05,106.825,107.016,105.786,106.549,391689.51346656
2018-01-08,107.016,107.492,105.271,105.691,487722.54126446
2018-01-09,106.729,107.302,105.596,106.119,661937.18404728
2018-01-10,105.881,107.636,105.691,107.636,642305.7696159
2018-01-11,107.587,108.951,106.92,108.055,550303.70600157
2018-01-12,108.722,109.142,107.206,107.721,469471.49343875
2018-01-15,109.189,109.618,107.77,108.722,307890.98117666
2018-01-16,107.587,108.674,105.977,107.636,731468.43170929
2018-01-17,107.636,108.674,106.634,106.825,529581.42434382
2018-01-18,107.254,107.77,106.168,106.168,440818.39726317
2018-01-19,107.397,107.492,105.929,106.549,461262.71756035
2018-01-22,106.358,108.007,106.358,107.587,373007.36330427
2018-01-23,107.77,108.484,105.452,106.168,907857.46656928
2018-01-24,106.31,106.825,104.232,106.778,452055.37860552
2018-01-25,107.206,107.302,106.072,106.215,508235.0407633
2018-01-26,106.405,106.729,105.128,106.31,169240.70779492
2018-01-29,106.549,107.159,106.263,107.159,250944.56522804
2018-01-30,105.881,106.5,105.032,105.547,315170.42209105
2018-01-31,105.929,106.358,104.041,104.041,593302.75511464
2018-02-01,104.461,105.881,102.621,105.414,406216.92797151
2018-02-02,105.596,106.024,101.725,102.573,464234.2818414
2018-02-05,101.533,103.613,100.962,102.859,517525.2436709
2018-02-06,98.3209,103.469,97.5583,101.582,944394.17627693
2018-02-07,102.287,102.717,99.0743,99.9702,594408.30709213
2018-02-08,99.5515,99.8752,98.0827,98.0827,771125.65103082
2018-02-09,97.4725,97.7966,95.5277,96.6622,852122.5425884
2018-02-12,98.8835,99.5515,98.369,98.6547,481318.94086354
2018-02-13,100.113,101.153,99.0267,101.057,533789.65445168
2018-02-14,101.487,104.842,100.962,104.461,633372.19637845
2018-02-15,105.128,106.825,103.804,103.804,678808.91417812
2018-02-16,105.834,106.358,103.326,103.994,490343.76934012
2018-02-19,103.994,104.604,101.438,101.63,291649.64643336
2018-02-20,101.533,102.907,100.781,102.907,311169.87632052
2018-02-21,101.725,104.461,101.677,104.461,504766.29276562
2018-02-22,102.668,104.184,101.725,103.326,538776.17636912
2018-02-23,103.374,103.945,101.772,102.058,333151.89984256
2018-02-26,103.469,104.413,102.668,102.668,435087.14868157
2018-02-27,103.85,103.85,101.248,101.868,658807.23423625
2018-02-28,101.438,102.192,99.1218,99.2644,783975.85717524
2018-03-01,99.2644,99.7415,95.8136,97.1866,1115336.2173807
2018-03-02,95.9566,97.8444,95.8614,96.9005,506560.97913514
2018-03-05,96.8051,98.3209,96.6622,97.9397,280835.37614123
2018-03-06,98.693,100.876,98.2256,100.4,579603.98013741
2018-03-07,100.018,100.351,97.4725,98.1303,880019.37408109
2018-03-08,98.035,98.0827,95.909,96.8051,600908.40728615
2018-03-09,96.5192,98.3209,96.5192,98.3209,434516.54120932
2018-03-12,97.3772,98.369,95.766,96.9482,564377.99104327
2018-03-13,96.8529,98.2737,96.7098,97.0434,364854.17969799
2018-03-14,97.3772,98.693,97.3772,97.8444,479725.64536657
2018-03-15,98.3209,98.3209,95.6707,97.1389,606273.58600044
2018-03-16,97.2342,98.4642,95.1559,95.623,1428698.3172619
2018-03-19,95.8614,95.8614,89.9056,89.9619,1114921.8976168
2018-03-20,89.8112,89.8304,86.1055,88.1286,1377015.3356804
2018-03-21,88.0152,89.6979,86.1617,89.4519,899237.51765941
2018-03-22,89.7731,90.2832,86.3324,86.8806,803882.08623481
2018-03-23,86.0292,86.4459,84.2903,85.992,666173.7347466
2018-03-26,85.0845,85.0845,81.4159,82.191,960874.66268139
2018-03-27,83.7602,84.8575,82.0584,82.0584,747396.14212501
2018-03-28,81.2462,81.2462,77.7482,79.6007,1482623.8701221
2018-03-29,80.3576,83.3636,80.0735,82.0776,999198.71638301
2018-04-03,82.3044,83.193,80.5463,83.193,436824.1449574
2018-04-04,83.4961,83.6468,81.3777,82.8717,723598.45401754
2018-04-05,84.1387,86.5021,84.0444,85.3114,823975.02141581
2018-04-06,84.971,86.1617,84.195,84.952,423044.60384898
2018-04-09,86.1055,86.3695,83.9499,84.1768,658143.27370328
2018-04-10,86.0292,86.9559,84.6488,86.3505,785818.79344132
2018-04-11,86.3505,87.9198,85.7461,86.8806,695288.35167179
2018-04-12,86.0674,87.3153,85.3676,86.9749,652098.40079411
2018-04-13,87.9198,88.6577,87.0694,87.2582,441528.5098711
2018-04-16,87.2582,88.2982,87.221,87.8255,441555.78155176
2018-04-17,87.8255,88.2602,87.221,87.7691,558478.91673454
2018-04-18,88.6005,90.2832,87.9198,90.2832,659763.84088091
2018-04-19,90.3785,92.4388,89.8112,90.6617,786782.74246154
2018-04-20,90.6053,91.513,89.7922,90.492,381136.42196228
2018-04-23,90.775,91.494,85.9158,86.5402,851395.64740775
2018-04-24,86.9749,88.8656,86.9368,87.7309,589427.02972866
2018-04-25,86.0292,87.3525,85.7651,86.0292,2199941.4463017
2018-04-26,85.8967,88.1466,85.2732,88.1466,659864.53631719
2018-04-27,88.3926,89.0733,86.7099,87.2018,406151.89550225
2018-04-30,87.5985,89.1115,86.8615,88.5252,611409.05325071
2018-05-02,89.1496,90.6236,88.5823,90.5673,402681.04968298
2018-05-04,90.5673,90.5673,87.221,87.6366,637982.15932063
2018-05-07,87.9198,88.0713,86.4831,86.9559,240043.23533995
2018-05-08,87.3525,87.7309,86.3134,87.4479,634538.58518202
2018-05-09,87.4479,89.0362,87.2772,88.3926,396900.50229404
2018-05-10,88.7902,93.4789,88.4309,91.7018,1038319.9422885
2018-05-11,92.1747,93.006,91.229,92.1747,355615.37341932
2018-05-14,92.6475,92.8172,89.8112,89.8112,677966.63881008
2018-05-15,87.5422,89.6787,86.2371,87.1637,1151428.1889114
2018-05-16,87.4479,87.9198,84.9138,87.1637,951552.99244995
2018-05-17,87.7309,90.0944,86.1617,89.8112,2188622.6499173
2018-05-18,89.8112,90.4348,86.8615,88.3926,579695.23537654
2018-05-21,88.998,89.4329,88.6005,88.9789,523488.3015381
2018-05-22,87.9198,89.7922,87.5422,88.7521,654547.60749946
2018-05-23,88.0152,88.3926,85.6889,87.5232,740609.68928407
2018-05-24,87.5422,89.225,87.221,88.3926,489744.84127641
2018-05-25,88.6577,89.0171,86.1237,86.3324,322316.65133454
2018-05-28,86.9749,86.9749,84.46,84.5172,270177.39355748
2018-05-29,84.706,85.2542,83.3064,83.3064,550070.84780518
2018-05-30,82.0966,82.8154,80.0173,80.0926,1536736.1291037
2018-06-01,80.2813,83.3064,79.6951,83.3064,460526.38218256
2018-06-04,87.4288,88.1095,84.6307,88.1095,739934.19073236
2018-06-05,88.2982,91.4177,87.5612,91.248,1201575.5650896
2018-06-06,91.4177,92.4578,90.5292,91.1346,847388.80817245
2018-06-07,92.4578,93.025,90.756,91.5502,593584.91211838
2018-06-08,90,91.7018,90,91.021,700765.7638411
2018-06-11,90.756,90.9639,88.5061,90.2832,649713.17764723
2018-06-12,90.9267,90.9267,88.0713,88.4118,749960.72901776
2018-06-13,88.3364,88.6768,87.5041,88.2038,630597.82732678
2018-06-14,87.3715,87.9579,86.7862,87.0694,401340.5416875
2018-06-15,87.0694,87.5422,84.3465,84.3465,865472.03027104
2018-06-18,84.706,85.8215,82.2482,82.2482,392413.26191482
2018-06-19,80.6408,81.3024,79.0525,80.5463,610303.50127322
2018-06-20,81.5866,83.6468,79.7904,79.7904,597406.09414304
2018-06-21,80.6408,82.2101,79.7522,81.3596,827973.46936475
2018-06-22,82.456,83.5714,81.454,82.2482,380775.59664894
2018-06-25,82.3989,83.5714,81.3024,81.5866,424026.38435271
2018-06-26,81.5866,83.193,81.5866,81.8697,316883.2934186
2018-06-27,81.5866,82.6077,80.9239,82.4941,899793.44038053
2018-06-28,82.0584,82.5313,81.4159,81.7562,705243.56402316
2018-06-29,82.2482,83.3636,82.1537,83.193,637658.04588511
2018-07-02,82.9289,84.4218,82.9289,83.0796,468497.05531058
2018-07-03,83.439,85.6136,83.193,85.5001,440583.44124518
2018-07-04,85.0845,85.6327,84.2903,84.6488,1057698.5692184
2018-07-05,84.2331,88.6768,84.2331,86.0292,1000704.952284
2018-07-06,86.5021,87.5985,85.2351,85.2351,560108.92410932
2018-07-09,88.3926,88.3926,86.9749,87.4479,567038.02881832
2018-07-10,87.9198,88.2038,86.3324,86.5965,465200.32868321
2018-07-11,84.8385,84.9891,83.5905,84.3846,597228.82821876
2018-07-12,85.443,86.1808,84.706,84.706,514598.78255402
2018-07-13,85.0845,85.443,83.8546,83.8546,325290.31343717
2018-07-16,83.968,84.6116,83.458,84.1387,496238.64800567
2018-07-17,84.7441,88.0152,83.6658,88.0152,490979.40928164
2018-07-18,87.3525,88.0523,86.5774,87.2391,285905.81092223
2018-07-19,86.9749,86.9749,85.1216,85.462,932835.17932064
2018-07-20,86.0292,87.2772,84.8004,86.0292,575590.84743734
2018-07-23,86.6346,88.2602,86.3695,87.8635,375458.66783121
2018-07-24,88.2038,91.9849,87.9388,91.7962,1335612.7287967
2018-07-25,91.8344,91.9668,90.5863,91.1346,518841.6267181
2018-07-26,91.3233,92.4388,91.0773,92.1556,723324.68830016
2018-07-27,91.7018,92.3634,91.1536,92.1556,172722.04272213
2018-07-30,90.8324,91.229,89.8304,90.756,536336.40986093
2018-07-31,90.5673,91.6827,89.9056,91.229,800094.46935557
2018-08-01,90.8324,91.2671,89.3193,90.756,544804.26670558
2018-08-02,89.6216,90,86.729,86.9178,686672.5984051
2018-08-03,87.3525,88.6768,86.7481,87.4098,449334.50400437
2018-08-06,87.6748,87.7691,86.5212,87.4288,190269.27140468
2018-08-07,88.7139,89.8112,88.4499,89.8112,379320.75737686
2018-08-08,89.7169,90.3966,87.1637,87.3525,616273.90151598
2018-08-09,88.0523,89.1115,87.1637,88.8656,416665.12839634
2018-08-10,87.7691,87.8826,85.2732,85.3676,734577.40330443
2018-08-13,85.5563,86.4078,84.7621,85.7833,350578.50378374
2018-08-14,86.5021,86.5965,84.4218,84.5543,441330.26573092
2018-08-16,83.7602,83.7602,81.6809,83.193,720489.48242241
2018-08-17,83.5714,83.8546,78.4852,79.4119,1164702.1550168
2018-08-20,80.452,81.0193,78.5987,79.2232,627302.1496102
2018-08-21,79.7141,82.2482,79.6007,82.0023,725184.40713895
2018-08-22,81.7754,82.8907,81.3024,82.4941,403372.28189661
2018-08-23,81.5866,82.3989,81.3406,82.0023,622449.88827447
2018-08-24,82.2673,83.8365,81.964,83.2501,426576.28649434
2018-08-27,83.8927,87.1447,83.8174,87.1447,538641.91578742
2018-08-28,87.1637,88.6768,86.6156,88.1848,621091.54879549
2018-08-29,87.8255,88.5061,87.1075,87.8445,453506.02223442
2018-08-30,87.4098,88.2792,86.7862,87.1447,605979.89097795
2018-08-31,86.9749,87.0694,85.6698,85.8405,666841.89092274
2018-09-03,85.5563,88.5823,85.5001,87.6366,416386.11812498
2018-09-04,86.9749,88.1848,83.0043,83.2311,921011.85684412
2018-09-05,83.3826,84.1196,81.5293,82.437,726480.86088105
2018-09-06,83.0043,84.8947,82.3235,82.3235,481311.59848798
2018-09-07,82.6077,82.9098,78.8446,80.0355,787415.23567067
2018-09-10,80.2623,81.6047,79.2232,80.8296,342650.83599829
2018-09-11,82.3806,82.437,78.0124,78.0505,725727.74293054
2018-09-12,78.7312,80.3195,77.2372,78.5233,783175.53823897
2018-09-13,80.2623,81.7944,79.4872,79.9792,671516.88633419
2018-09-14,80.3576,81.0193,79.431,80.206,319033.5605475
2018-09-17,79.3175,79.7332,78.0505,78.3718,533293.51964585
2018-09-18,79.0335,80.8677,78.6559,80.8296,546950.3381913
2018-09-19,81.8697,83.8365,81.17,82.6257,854366.16277801
2018-09-20,82.6257,83.6287,81.8887,82.4179,520766.37802616
2018-09-21,83.6658,85.6518,83.6658,84.6116,4016229.0847341
2018-09-24,84.2331,86.0102,83.9499,85.8967,554026.29041154
2018-09-25,84.9891,86.7481,84.7441,86.1055,698642.76839286
2018-09-26,85.9539,88.2982,85.9539,87.8255,827111.26469161
2018-09-27,86.994,87.221,84.706,85.3867,760784.43950704
2018-09-28,85.443,85.992,82.5313,84.2331,786654.7753446
2018-10-01,84.3465,85.5563,83.2883,84.4791,362117.57143493
2018-10-02,84.0444,85.7651,82.9098,85.443,508391.32847169
2018-10-03,85.6518,86.3505,85.2923,85.462,243100.81030616
2018-10-04,85.3294,85.4811,83.7602,83.7602,332472.20564767
2018-10-05,83.7794,84.0253,81.4912,82.1347,449941.82335443
2018-10-08,81.9269,82.9098,81.2081,82.0404,317846.19352803
2018-10-09,83.5333,84.3274,81.7944,82.5123,408216.15194599
2018-10-10,83.1557,83.193,80.6408,80.8296,391284.63389985
2018-10-11,79.2985,80.697,76.67,79.9792,1251378.8985271
2018-10-12,80.8296,82.5886,80.206,80.7352,569869.0390529
2018-10-15,81.1136,81.1327,79.0335,79.2041,504394.97834433
2018-10-16,80.168,81.8506,79.0335,79.3175,1235054.699831
2018-10-17,79.9792,80.697,78.9389,79.6007,584252.75277899
2018-10-18,79.0525,79.8657,78.4662,79.5635,373142.67279677
2018-10-19,79.431,80.0545,78.5606,80.0173,323188.29620483
2018-10-22,80.8677,81.4731,80.2252,81.0565,369083.38802174
2018-10-23,80.168,80.4892,78.3155,78.4099,533489.66596443
2018-10-24,78.9389,79.2041,77.9933,78.4662,305664.14355976
2018-10-25,77.8618,79.5444,76.8778,78.9582,544163.38221009
2018-10-26,78.7502,79.0525,77.8045,78.2202,567960.02140676
2018-10-29,78.6559,80.9239,78.5606,79.5444,507346.61332029
2018-10-30,79.9792,80.8105,79.3548,80.0735,585364.59822125
2018-10-31,80.3758,83.1748,80.0926,82.1347,1004522.9875763
2018-11-02,85.0082,86.4078,84.9891,85.3294,1276270.6005933
2018-11-05,84.706,85.992,84.0444,85.4058,486746.00531471
2018-11-06,85.2732,85.3676,83.3826,84.2903,373564.33493619
2018-11-07,84.5172,86.9749,84.2712,85.8215,614034.47696954
2018-11-08,86.0292,86.219,84.2521,85.992,524858.17903582
2018-11-09,84.6116,85.6889,83.7984,84.4218,521369.50173304
2018-11-13,84.4218,92.6094,84.1387,87.9198,1896295.4071107
2018-11-14,87.8826,87.9016,86.219,86.219,453207.08265797
2018-11-15,86.0292,86.9749,84.3656,85.0845,643315.87071108
2018-11-16,85.8405,87.2391,85.0845,86.219,579216.93205421
2018-11-19,86.2371,87.5422,84.9891,86.2562,525406.75938139
2018-11-20,85.7461,85.7651,83.7602,83.968,772432.59388087
2018-11-21,84.5543,85.9158,84.4038,85.6889,591606.6663598
2018-11-22,85.6518,86.3505,84.3465,86.1998,322528.53131504
2018-11-23,85.8024,86.1617,84.1577,85.0272,268562.07093383
2018-11-26,84.706,85.6136,83.0043,83.2883,425680.51667577
2018-11-27,83.3636,84.2331,82.0966,82.5313,453258.4792869
2018-11-28,83.4018,85.2732,83.2693,84.9891,488416.92021047
2018-11-29,85.6518,86.4831,84.8004,85.3485,578165.92343804
2018-11-30,85.3485,85.3485,84.4218,84.8195,739678.25649848
2018-12-03,86.9749,89.4329,86.6909,88.3926,1150500.951769
2018-12-04,87.8635,88.2982,86.9178,87.5422,660849.4635533
2018-12-05,86.5965,87.3525,85.8405,86.9749,402457.63168373
2018-12-06,86.0292,86.3505,84.4218,84.441,713003.40608148
2018-12-07,85.0082,85.2732,83.2883,84.1387,660996.31106454
2018-12-10,83.6097,83.8365,81.1136,81.1136,511080.735749
2018-12-11,81.9269,83.0986,81.4912,82.3426,575860.41751155
2018-12-12,82.8154,84.1006,82.3426,84.1006,453246.94126816
2018-12-13,84.6116,85.992,84.3274,85.462,638180.40346081
2018-12-14,84.3274,85.5754,83.3446,85.5754,586957.89371822
2018-12-17,84.9891,85.9348,84.6488,84.8757,443866.53203222
2018-12-18,84.6307,84.6868,82.9289,84.0634,487932.32342338
2018-12-19,83.9499,85.7651,83.9499,84.7813,567662.1307411
2018-12-20,83.5714,84.8004,82.9289,84.5734,538146.82989237
2018-12-21,84.5734,84.6678,83.1176,83.8546,942552.28892165
2018-12-27,84.5172,84.8004,83.193,83.6658,294471.21647078
2018-12-28,83.7421,84.8575,83.3826,84.0253,250226.06133375
2019-01-02,83.193,84.5543,81.4159,84.3084,547430.73933521
2019-01-03,83.5714,84.2141,81.4159,81.4159,567760.72835579
2019-01-04,82.721,83.7421,82.6257,83.5905,523648.78488967
2019-01-07,84.1196,85.708,83.968,85.708,439988.70882465
2019-01-08,85.2732,85.727,84.3274,84.7441,440152.33890861
2019-01-09,85.5563,86.9749,85.3485,86.9749,851380.96265663
2019-01-10,86.5774,86.9749,86.0292,86.9749,288702.20710059
2019-01-11,87.4098,88.2602,84.1387,85.0464,596444.24294441
2019-01-14,84.2712,84.9891,83.2501,84.8385,371572.45333728
2019-01-15,85.5945,86.729,85.0082,86.4459,460156.11667207
2019-01-16,86.7862,87.5041,84.5172,86.729,439398.1720473
2019-01-17,86.729,86.8806,85.6518,86.5212,342623.56431763
2019-01-18,86.7862,87.8255,85.7833,87.4288,637128.34593384
2019-01-21,86.8615,87.8255,85.5754,86.219,325823.16012082
2019-01-22,85.708,86.2942,85.1979,86.0102,420707.63059866
2019-01-23,85.6518,86.5402,85.5192,85.9348,472865.76877001
2019-01-24,85.7461,86.9559,85.0845,86.5965,430694.31027387
2019-01-25,86.9559,87.4098,86.0674,86.9749,578197.39076188
2019-01-28,86.9178,87.2582,85.973,86.8615,312521.92233474
2019-01-29,86.8806,89.3193,86.1998,87.8255,942494.59882794
2019-01-30,87.8255,89.7169,87.5794,88.223,818543.76132146
2019-01-31,89.2631,89.7169,88.6196,89.0171,756190.21022678
2019-02-01,88.7139,90.6617,88.4499,90.6617,547711.84742816
2019-02-04,90.4729,91.5883,89.4329,90.51,510389.50353537
2019-02-05,91.229,93.7248,90.9829,93.7248,798020.77271468
2019-02-06,93.5923,94.5,92.3634,93.006,515028.8359798
2019-02-07,92.4388,92.6284,90.756,91.3233,431765.24819513
2019-02-08,91.1907,91.3043,89.2812,89.2812,569436.88780553
2019-02-11,89.4137,90.8324,87.4479,87.4479,788381.28251248
2019-02-12,88.2602,90.1516,88.2602,90.1516,639926.83993379
2019-02-13,90.3403,91.3043,89.9437,91.1154,643677.74493521
2019-02-14,91.2861,92.0803,87.5041,88.3926,753149.41783329
2019-02-15,88.3926,90.9267,88.3364,90.246,527759.46629363
2019-02-18,90.9457,91.1907,89.6787,90.51,593645.74894447
2019-02-19,90.51,91.1536,89.6406,91.0402,565993.31366692
2019-02-20,91.229,94.1595,91.229,94.1595,1438761.5674251
2019-02-21,93.7248,94.519,91.4559,91.7209,1281595.9206974
2019-02-22,92.3072,94.4246,91.9668,93.5923,1615029.9775437
2019-02-25,94.254,97.6061,94.254,96.7098,1401686.7664798
2019-02-26,96.4334,97.5583,95.623,96.8529,957303.12142584
2019-02-27,96.5192,97.1866,95.2512,95.2988,885861.8072069
2019-02-28,95.0605,96.4334,94.2167,95.766,788201.91876661
2019-03-01,96.3857,97.1866,95.5753,95.9566,449258.98242716
2019-03-04,95.9566,96.2904,94.4618,95.6707,287434.07394994
2019-03-05,95.1082,97.3296,95.0605,96.052,566875.44764516
2019-03-06,95.9566,98.4642,95.9566,98.2737,592488.80033805
2019-03-07,98.2256,98.2256,95.8614,96.4334,405913.79275188
2019-03-08,95.2512,95.8614,93.233,93.4035,879345.97335096
2019-03-11,93.1385,95.2988,93.1385,94.1595,448428.24507785
2019-03-12,95.0129,96.1951,94.2921,96.052,845391.68201957
2019-03-13,95.623,96.4334,95.337,95.8614,602845.74552374
2019-03-14,95.8614,96.3857,94.2731,95.4324,508644.11597318
2019-03-15,94.6801,96.4334,93.6114,95.5753,1412077.2768109
2019-03-18,96.052,96.9005,95.337,96.4334,741221.20427731
2019-03-19,96.4334,101.725,96.3857,100.066,1373423.8651198
2019-03-20,99.2644,100.446,97.892,99.9702,374435.97980649
2019-03-21,100.209,101.343,99.6465,100.446,471789.58629477
2019-03-22,100.066,100.495,97.4725,97.8444,724974.62498004
2019-03-25,97.3772,99.4079,96.7575,97.7966,438071.29989216
2019-03-26,97.8444,99.2178,97.8444,99.2178,345067.52646901
2019-03-27,98.693,99.7415,98.178,98.7401,338996.43078997
2019-03-28,98.7883,100.018,98.7883,99.4564,290357.38833444
2019-03-29,100.113,101.915,100.066,101.153,1130980.7218818
2019-04-01,102.097,103.516,102.097,103.421,559950.53857934
2019-04-02,103.05,103.899,102.192,103.469,450195.65976672
2019-04-03,104.089,105.881,104.089,105.643,587074.32281642
2019-04-04,105.643,105.643,102.573,103.326,633412.05498864
2019-04-05,102.907,104.937,102.907,103.326,390600.74406179
2019-04-08,103.994,105.596,103.994,105.5,407492.40349772
2019-04-09,105.691,106.358,103.899,105.452,318936.0118436
2019-04-10,104.986,106.263,104.891,105.881,410242.64760112
2019-04-11,105.414,105.414,103.66,104.794,663402.51242731
2019-04-12,105.081,105.881,104.28,104.652,312425.42254163
2019-04-15,104.937,105.596,104.089,104.604,227022.05673602
2019-04-16,104.604,104.937,103.994,104.747,218939.15015298
2019-04-17,105.5,105.881,101.343,101.343,786919.10086483
2019-04-18,101.438,101.915,97.892,101.343,688202.9592544
2019-04-23,101.2,102.668,100.113,101.868,273710.12511363
2019-04-24,101.868,102.812,100.542,101.343,646668.18961056
2019-04-25,100.638,100.734,97.9397,98.9787,627200.40526313
2019-04-26,99.0743,99.8752,98.7401,99.8752,302384.19950511
2019-04-29,100.256,100.542,98.8354,99.694,229019.1828889
2019-04-30,99.4564,99.5515,96.7098,97.2342,537603.49410078
2019-05-02,95.2512,96.4715,94.0652,94.1034,597794.19113704
2019-05-06,93.5923,93.7811,91.5312,92.3824,506973.20107741
2019-05-07,92.742,93.4417,90.227,90.8886,567252.00662042
2019-05-08,90.8886,92.3824,90.3785,90.6617,472644.44859235
2019-05-09,90.1888,91.1726,86.6909,87.5794,656585.64117333
2019-05-10,87.8063,90.6053,87.8063,90.4157,546456.30120705
2019-05-13,90.0944,90.0944,86.5021,87.2018,727710.1843323
2019-05-14,87.8635,88.2982,86.6728,87.2772,602600.30039781
2019-05-15,88.0152,88.5633,87.0122,87.8445,279420.39547934
2019-05-16,89.4709,91.6827,89.0362,91.5312,549665.96823847
2019-05-17,91.229,91.229,89.2631,89.6979,388864.79669675
2019-05-20,89.8112,90.0753,88.223,88.9599,384488.74086176
2019-05-21,88.8656,90.2832,87.9579,90.2651,489343.10844209
2019-05-22,89.7169,90.5482,88.6196,89.5272,635351.49104782
2019-05-23,88.8656,89.2812,86.9749,87.0312,474922.68283818
2019-05-24,88.2038,90.6236,87.5612,89.0925,509109.83236598
2019-05-27,89.7169,90.6053,88.6196,89.6787,120769.49106651
2019-05-28,89.8112,90.5673,88.2982,89.49,1065454.2156335
2019-05-29,88.5823,89.4137,87.9198,88.5823,606111.00482728
2019-05-30,88.242,90.0944,88.242,88.8275,632498.45368656
2019-05-31,88.0713,89.8112,87.0694,89.8112,811827.58550376
2019-06-03,89.8112,92.004,89.0171,90.8504,487891.41590239
2019-06-04,90.6617,91.8344,90.2832,91.5502,395746.70042
2019-06-05,91.3043,91.5502,88.2982,88.4118,632345.31271055
2019-06-06,88.9227,89.9056,88.5823,89.5843,322150.92342899
2019-06-07,89.754,90.227,87.4659,88.0152,643545.58217509
2019-06-10,88.6577,90.227,87.9198,90.227,337804.86812733
2019-06-11,90.756,93.5541,90.756,93.2711,942463.13150411
2019-06-12,91.9096,93.498,90.775,93.498,519296.85400295
2019-06-13,92.742,94.4618,92.3824,94.4618,526266.86623294
2019-06-14,93.9137,94.2921,92.9688,93.0632,441044.96199479
2019-06-17,92.9117,94.4618,92.477,94.3484,323805.05575205
2019-06-18,94.519,98.5113,93.6495,98.369,789848.7087141
2019-06-19,98.3209,98.3209,97.0434,97.3296,452717.2413169
2019-06-21,98.0827,100.113,96.9958,98.693,1240878.2525625
2019-06-24,98.693,98.8354,96.8051,98.4161,394846.73495825
2019-06-25,97.7013,100.113,97.3772,98.6066,391540.56813373
2019-06-26,98.6066,99.0743,97.0434,97.1389,345608.76443901
2019-06-27,97.1389,98.9787,97.1389,98.2737,281900.02059773
2019-06-28,97.892,98.6547,97.3772,97.8444,346553.83306493
2019-07-01,99.7415,100.876,97.749,98.4161,431006.88569065
2019-07-02,98.5595,98.8354,96.0043,96.1474,379508.51240909
2019-07-03,96.0998,96.4334,94.254,95.48,544358.47961788
2019-07-04,95.337,95.6707,94.0652,94.7745,307820.70415342
2019-07-05,94.5381,94.5381,91.9477,92.7981,478777.43000827
2019-07-08,92.6475,94.4246,92.5713,93.5923,340278.19978095
2019-07-09,93.5923,93.5923,89.9437,90.6053,773865.40602627
2019-07-10,91.1346,92.3824,90.4729,90.9457,752274.62623061
2019-07-11,91.9096,92.8745,90.0382,90.2832,547206.27242517
2019-07-12,90.7942,91.6827,89.5272,89.5272,528254.55218868
2019-07-15,90.2078,91.4177,89.9247,90.0573,590094.13699402
2019-07-16,90.4348,91.0402,89.735,90.3966,444977.32856368
2019-07-17,90.1135,90.3023,88.6768,88.9227,770952.58074972
2019-07-18,88.8656,90.4157,88.1095,90.2832,1106672.2142174
2019-07-19,92.2118,92.8172,91.229,91.9477,908912.67082863
2019-07-22,92.004,92.3443,91.3233,91.3614,366030.00869872
2019-07-23,92.1747,92.6094,90.6998,91.3614,532786.89573206
2019-07-24,91.6827,91.777,90.9457,91.4368,332547.72722488
2019-07-25,91.7962,93.4598,91.3805,92.1747,555910.13419861
2019-07-26,91.6446,92.5341,90.9457,91.229,387526.38652287
2019-07-29,91.3805,91.8716,90.4157,91.3043,307067.58620291
2019-07-30,91.3043,91.5693,89.225,89.225,385442.20077403
2019-07-31,89.225,89.735,88.5633,89.244,558458.98742944
2019-08-01,89.1115,89.1115,85.3676,86.3695,745230.1413342
2019-08-02,85.0845,85.6136,82.7392,82.9851,1202743.0028039
2019-08-05,82.2101,82.2482,79.431,79.431,1100159.5270939
2019-08-06,79.9792,80.9812,79.0335,79.1468,750612.10262119
2019-08-07,79.4682,79.8085,77.8045,78.9199,605447.04429431
2019-08-08,80.9239,81.3024,78.8446,79.431,889842.42367234
2019-08-09,79.8085,80.1488,77.5214,77.7664,442810.27886208
2019-08-12,78.8256,78.8256,74.9683,74.9683,661595.23912825
2019-08-13,74.6851,78.3718,74.3066,78.3528,854775.2379879
2019-08-14,79.1468,79.1468,74.9492,74.9492,646408.0597335
2019-08-16,74.9492,75.2895,70.8087,70.8087,884635.63048804
2019-08-19,72.0376,73.7775,71.7354,73.6259,585056.21844764
2019-08-20,73.7394,74.0234,71.2435,72.7946,584761.47451437
2019-08-21,73.7203,73.8337,70.4312,70.8087,909929.06538857
2019-08-22,70.5256,72.397,69.5798,70.6952,840677.87690872
2019-08-23,71.6782,72.7183,70.5628,71.5085,812076.17736208
2019-08-26,70.3739,70.8087,68.4452,69.7315,595845.31488071
2019-08-27,69.9583,71.641,69.1642,70.9793,1143008.5819633
2019-08-28,71.4703,71.4703,68.6912,69.7315,668807.54975179
2019-08-29,69.7686,71.8107,69.7686,71.376,576278.93291859
2019-08-30,71.8488,74.1931,71.4703,74.0425,809009.16219872
2019-09-02,74.1178,74.1931,72.7183,73.38,496867.99448242
2019-09-03,73.1721,73.2293,69.2204,69.8448,1119220.334053
2019-09-04,71.1872,73.0967,70.9032,72.9453,1049533.8475934
2019-09-05,73.399,74.382,72.1138,73.9853,720717.09606483
2019-09-06,74.1741,76.0274,73.5316,75.1007,857720.57949908
2019-09-09,75.1198,76.1791,74.6851,76.0274,659761.74305932
2019-09-10,76.4431,76.4431,74.9492,75.6118,563932.20395557
2019-09-11,75.9702,76.5003,74.9683,75.2333,442200.86169042
2019-09-12,76.4812,78.4099,75.7624,77.2372,1094830.0113466
2019-09-13,77.5214,79.6579,77.5214,79.6579,738075.52080436
2019-09-16,78.183,79.8276,77.6529,78.5987,628179.03903447
2019-09-17,77.8045,78.0886,76.4059,76.67,895144.66773895
2019-09-18,76.916,78.429,76.67,77.3508,654100.77150096
2019-09-19,77.2001,77.5022,76.4241,76.935,544538.89227455
2019-09-20,77.2945,78.0695,76.7835,77.1238,1003079.686323
2019-09-23,76.7462,77.0294,73.5697,74.3448,806521.14579397
2019-09-24,74.4201,75.4411,74.4201,74.912,412414.9418567
2019-09-25,74.3638,75.2714,74.2123,74.666,479728.79209896
2019-09-26,75.0626,76.2734,74.5907,74.7223,449725.74773075
2019-09-27,75.1389,75.8387,74.5907,75.4411,290254.59507657
2019-09-30,75.8197,76.0084,74.7414,75.6298,509959.45010959
2019-10-01,75.0445,75.0445,73.0214,73.0214,653928.75013065
2019-10-02,73.7021,73.7966,70.2414,70.2605,839346.8091104
2019-10-03,70.6761,71.2063,69.4854,69.9012,444906.00262965
2019-10-04,69.9773,70.8468,69.5989,70.8468,465032.50295608
2019-10-07,70.9603,72.7946,70.639,72.7946,576834.85563971
2019-10-08,72.8317,73.664,71.3006,71.4893,535239.24916979
2019-10-09,71.4703,72.6049,71.414,71.7544,363514.72061331
2019-10-10,72.151,73.7203,72.0757,73.4562,781153.23822702
2019-10-11,74.0234,75.7251,73.9473,75.5546,586654.75849859
2019-10-14,75.8197,76.1971,74.0425,74.2875,461682.28187818
2019-10-15,74.666,75.1951,74.155,74.3448,305552.95901554
2019-10-16,74.2123,74.2123,72.5296,72.5486,564566.79498629
2019-10-17,72.6992,74.1931,72.1892,73.8157,384018.82882579
2019-10-18,73.1721,74.2123,72.4351,74.0044,342537.55363248
2019-10-21,74.2123,76.9542,74.2123,76.5566,592899.97336952
2019-10-22,77.0485,77.4451,76.6138,76.916,325418.28055411
2019-10-23,76.5757,77.4079,76.1218,77.2372,358580.6442356
2019-10-24,77.3316,77.9562,76.6138,76.9542,342781.94984761
2019-10-25,76.7644,77.5586,76.4059,77.1429,227820.2778507
2019-10-28,77.6158,79.8466,76.9542,79.8085,699401.13089735
2019-10-29,79.8085,82.1537,79.4682,81.4912,971643.82980936
2019-10-30,81.5102,81.9269,81.0193,81.5102,527224.5217884
2019-10-31,81.5102,81.5293,79.0715,79.0715,1159394.6663963
2019-11-04,80.6599,84.1387,80.4711,84.0634,1031307.9736267
2019-11-05,84.9891,87.5612,84.4981,86.6346,1017767.5841795
2019-11-06,85.6889,86.5402,85.3676,86.0292,419891.57800047
2019-11-07,86.5965,91.4177,86.5965,91.4177,1508147.0164866
2019-11-08,90.2832,91.6446,89.4519,91.1346,949384.89383755
2019-11-12,91.229,91.4177,88.7521,90.4729,801032.19560593
2019-11-13,89.3383,89.6787,88.3926,89.0543,468381.67512318
2019-11-14,89.0543,89.9437,87.9769,89.0543,445782.89205392
2019-11-15,89.1496,89.6406,88.6768,89.5272,435497.27280225
2019-11-18,89.6979,91.3614,89.6979,90.0753,463139.21897186
2019-11-19,90.2078,90.9639,89.3383,89.3383,555881.81360716
2019-11-20,88.8656,89.1306,85.6698,88.3926,729995.7609537
2019-11-21,88.8656,89.5272,86.5965,86.8806,950222.97356242
2019-11-22,86.5965,88.0523,84.4038,85.4811,1118635.0418296
2019-11-25,85.9539,87.7119,85.9539,87.2018,635316.8769916
2019-11-26,87.0122,87.221,85.8024,86.8044,1233682.7245117
2019-11-27,87.0694,89.0543,86.8235,87.1828,269199.80869693
2019-11-28,86.9749,86.9749,85.5945,85.8215,224424.95360864
2019-11-29,85.2732,86.2562,84.6488,84.9891,392870.58702126
2019-12-02,85.0845,86.0292,82.456,83.0986,673370.31170822
2019-12-03,82.5313,83.968,81.9079,82.3044,635587.4959766
2019-12-04,82.5123,84.3656,82.3044,83.8174,423577.45053263
2019-12-05,84.1387,85.6136,83.7421,84.9328,362903.20562007
2019-12-06,84.2712,87.8255,83.7794,87.8255,470250.83415912
2019-12-09,88.1095,88.9789,86.1808,88.2602,542867.97737878
2019-12-10,87.8826,90.246,87.0885,88.6768,1020680.409456
2019-12-11,88.6768,89.3383,87.4851,87.7309,574600.67564726
2019-12-12,88.2982,90.2832,88.0905,90.2832,823426.44107024
2019-12-13,91.229,92.5903,90.8324,91.229,1007793.4914338
2019-12-16,91.7018,93.3844,91.3233,92.7038,643595.92989323
2019-12-17,92.7038,92.9307,91.8534,92.4206,434348.71548219
2019-12-18,92.0613,92.1174,90.2832,90.2832,346886.33778681
2019-12-19,90.2832,91.229,90.2832,91.229,354233.95790285
2019-12-20,90.2832,91.1346,89.5462,89.8304,830557.9855626
2019-12-23,89.6033,90.0944,88.8656,89.8112,288111.67032324
2019-12-27,90.756,92.6475,90.7189,91.0402,294608.62378487
2019-12-30,91.1726,91.5693,90.2832,90.3594,189532.93602689
2020-01-02,91.2861,92.8363,91.2861,92.5522,245652.81026938
2020-01-03,90.9457,91.7018,90.0382,90.8696,336279.751832
2020-01-07,90.756,91.8906,89.8112,90.7189,332759.60720539
2020-01-08,90.6998,91.1907,89.7731,89.7731,265677.56624873
2020-01-09,90.8132,92.0422,90.8132,91.6074,550908.92753005
2020-01-10,91.7018,93.8765,91.7018,93.5923,732203.71817629
2020-01-13,93.5923,94.7268,93.5923,94.5381,656448.23385924
2020-01-14,94.6324,95.9566,94.0652,94.3484,490167.55232663
2020-01-15,94.0652,94.0652,92.1937,93.3654,764104.24217189
2020-01-16,93.4035,94.519,93.252,94.0652,420544.0005147
2020-01-17,94.5381,95.48,94.2921,95.48,340481.6884751
2020-01-20,95.623,96.0043,94.5848,94.9175,233174.96745704
2020-01-21,94.2167,94.2167,91.8906,92.4206,760201.24510526
2020-01-22,92.2691,93.006,91.3423,91.7018,535789.92733695
2020-01-23,91.0402,92.8172,90.8504,91.0964,701459.09387631
2020-01-24,91.7209,93.2901,91.7209,92.0422,859625.40150204
2020-01-27,91.0964,91.1346,87.8826,88.0713,1104172.6597939
2020-01-28,88.4871,89.7169,86.7671,88.5823,752235.81653121
2020-01-29,89.0925,90.3403,88.223,88.9599,546528.67605187
2020-01-30,86.6538,88.8275,86.219,87.4479,570395.59227178
2020-01-31,87.9198,88.5633,85.7651,86.219,1146821.3727016
2020-02-03,86.7862,87.6176,86.5212,87.5422,512454.8088899
2020-02-04,88.5442,91.3233,88.4871,91.1726,749783.46309347
2020-02-05,91.7018,93.3092,90.8504,92.7228,610111.55059781
2020-02-06,93.2147,93.8383,91.513,92.3634,297309.56908092
2020-02-07,91.3233,91.513,89.0543,89.5653,633443.52231248
2020-02-10,89.6787,90.2832,86.3505,87.1256,685733.82324395
2020-02-11,88.1286,89.0543,87.221,89.0543,930203.46213704
2020-02-12,88.8656,91.5693,88.8656,91.513,343504.64938508
2020-02-13,90.227,90.6426,88.8846,89.5081,347413.93991649
2020-02-14,89.8112,89.8112,88.3173,88.7711,261979.10678704
2020-02-17,89.7169,90.6998,89.3383,90.3403,120452.72000655
2020-02-18,89.225,89.5462,88.0152,88.2982,298371.06680504
2020-02-19,88.8846,89.5462,88.4689,88.6005,274920.56817058
2020-02-20,88.6959,89.5653,85.6518,87.221,652399.43819215
2020-02-21,85.5563,86.6909,84.9138,85.9158,401086.70527522
2020-02-24,84.2141,84.2141,79.8085,80.2813,907189.31039313
2020-02-25,80.2813,83.1367,79.4119,79.431,968411.08674046
2020-02-26,78.7502,79.3175,75.6298,77.5967,1257693.3415105
2020-02-27,77.0675,77.0675,71.0928,72.397,797787.91451829
2020-02-28,69.7686,70.9032,66.1763,66.6873,1881925.3292249
2020-03-02,69.9583,71.395,66.8378,69.0125,1251117.7197392
2020-03-03,70.9032,74.666,70.3177,73.5697,1269433.8000342
2020-03-04,73.0396,74.4953,71.4703,71.4703,618454.58705791
2020-03-05,72.9261,73.1158,69.0316,69.126,655775.88203991
2020-03-06,67.8027,67.8972,65.2878,66.1391,1005356.871658
2020-03-09,59.5398,62.1112,57.6111,58.8029,1425127.8249171
2020-03-10,60.1643,63.0377,58.6131,58.8029,1218490.300563
2020-03-11,59.2748,60.2959,55.3422,55.5881,1194210.11349
2020-03-12,52.0902,52.4687,46.7017,46.7017,1419048.3379517
2020-03-13,49.9155,53.7919,47.496,49.6134,2104472.7325113
2020-03-16,49.6325,49.8975,45.3881,48.7248,2045957.1460139
2020-03-17,50.1053,53.7167,49.9918,51.9958,1984521.3918645
2020-03-18,49.1595,52.0902,47.3634,49.784,2172110.696189
2020-03-19,50.1053,54.8321,50.0862,53.3763,1143082.0057189
2020-03-20,56.2498,58.5188,54.5109,54.7567,2168256.9979297
2020-03-23,53.3382,54.2649,51.0501,51.6555,1249723.7172932
2020-03-24,54.8321,55.4937,53.4136,55.2478,1211509.799225
2020-03-25,57.6684,57.6684,53.5089,55.7397,1323154.8152895
2020-03-26,53.9054,56.2498,53.546,56.1173,883352.81258627
2020-03-27,56.5901,56.6664,54.4164,54.9265,735890.63961924
2020-03-30,55.6634,55.7588,53.6223,54.2649,618591.994372
2020-03-31,55.4937,56.817,55.2097,56.553,1060977.4643623
2020-04-01,55.7769,56.6091,54.9074,55.5128,673292.69230942
2020-04-02,55.6826,56.1554,54.0942,55.7397,829569.9115941
2020-04-03,55.7397,56.0991,54.1704,56.0037,1396482.0711171
2020-04-06,57.2899,61.8089,57.2899,61.4494,1396042.5774941
2020-04-07,64.1161,67.6701,63.9073,65.2314,1945397.0192266
2020-04-08,65.3821,65.9875,63.605,63.8129,1054017.9412402
2020-04-09,65.2314,65.7034,63.5297,65.5528,917473.880734
2020-04-14,68.8238,71.7544,68.0296,70.8659,1456414.7360979
2020-04-15,71.8488,71.8488,65.7225,66.4222,1261658.224314
2020-04-16,67.1221,67.5568,65.7225,66.7625,698456.06227143
2020-04-17,69.126,69.7686,68.3509,68.4834,742338.29427354
2020-04-20,68.9744,69.1451,67.2164,68.8428,556517.45354867
2020-04-21,67.5949,67.9724,65.3258,65.9494,751621.15480558
2020-04-22,65.609,68.5397,64.1913,68.0668,652761.31241628
2020-04-23,68.5397,69.7686,67.6701,69.7686,582550.37055939
2020-04-24,68.9182,70.0526,68.3509,68.8238,440491.13709526
2020-04-27,69.9583,70.1662,67.8972,68.5397,548660.06278646
2020-04-28,68.5397,69.9392,67.1783,69.5236,617224.21469587
2020-04-29,69.9583,74.1741,69.6179,73.4562,824049.49408222
2020-04-30,73.645,74.9683,71.66,72.7756,803404.83182327
2020-05-04,70.9032,71.1872,69.126,69.9583,577365.60450177
2020-05-05,70.9032,72.0566,70.2043,70.7716,352387.87490439
2020-05-06,70.9032,70.9975,69.391,69.9583,548001.34680747
2020-05-07,70.0908,71.7544,69.1069,71.0737,443482.6306814
2020-05-08,71.9051,73.0777,71.8679,72.7946,366616.34983289
2020-05-11,73.153,73.645,70.5446,71.2243,448978.92324501
2020-05-12,70.5446,72.4351,70.3739,71.5085,328400.33394311
2020-05-13,70.9032,71.395,69.7686,69.7686,419184.61212492
2020-05-14,69.391,70.2414,67.1783,68.0668,745295.17380346
2020-05-15,69.0125,70.7143,68.7103,68.7856,604071.92224261
2020-05-18,70.4312,76.8598,70.4312,76.6891,2344182.4142185
2020-05-19,77.3135,79.3929,75.9522,78.3718,960577.82092653
2020-05-20,78.3718,78.9582,76.8407,78.5606,620804.14723777
2020-05-21,78.5606,78.7502,76.4812,76.67,498532.61591342
2020-05-22,74.6851,75.9522,73.8157,75.5546,450132.72511905
2020-05-25,76.3869,76.8216,75.7624,76.0465,192443.66348185
2020-05-26,77.6158,80.6789,77.1047,80.5463,901065.76917436
2020-05-27,80.5463,84.0062,79.5816,80.6599,1335305.3979339
2020-05-28,81.7754,82.1156,79.7141,80.7161,983938.11323265
2020-05-29,80.3576,82.2482,80.3576,81.5674,1280998.0415445
2020-06-01,83.4771,84.0062,81.7754,82.6448,510587.74767554
2020-06-02,82.8154,83.9499,82.1537,83.2883,715465.19971636
2020-06-03,83.4771,84.9138,82.8907,83.0614,814904.04086427
2020-06-04,83.0043,84.2521,82.3235,83.3826,654652.49857891
2020-06-05,84.1387,87.2582,83.9308,86.5212,1085287.0209375
2020-06-08,86.5212,86.6909,84.725,85.8405,632847.74098116
2020-06-09,85.8405,86.4078,82.8154,83.7794,750885.86833858
2020-06-10,84.1387,85.3485,82.7964,84.9891,652498.03580684
2020-06-12,81.189,84.1387,79.8848,82.6257,762397.66430911
2020-06-15,80.4139,80.9812,78.7502,80.2623,833115.23007979
2020-06-16,82.2482,84.8575,81.8506,82.9289,831778.91772749
2020-06-17,83.9118,84.1768,81.2462,82.0776,636879.75407553
2020-06-18,82.2482,84.1196,81.5102,81.7754,757583.16376198
2020-06-19,82.721,83.704,82.3426,83.0986,1048126.2093071
2020-06-22,83.0796,83.1557,81.6047,82.172,325987.83911557
2020-06-23,81.8134,85.0464,81.8134,84.9891,598693.107688
2020-06-24,84.952,86.6728,83.5151,83.723,525714.0902442
2020-06-25,83.4018,85.1597,83.1367,84.952,451505.74934916
2020-06-26,85.0845,85.8786,83.5714,83.8365,582170.66485175
2020-06-29,83.7602,85.5192,83.7602,85.5192,392831.77732186
2020-06-30,85.5563,86.2371,84.706,85.9348,910811.19936682
2020-07-01,85.6136,87.9198,85.5001,87.8826,787397.40418716
2020-07-02,87.9016,91.229,87.6748,90.1706,1146873.8182413
2020-07-03,90.1706,90.756,88.6005,89.1115,399374.88285846
2020-07-06,90.8504,92.5522,90.5482,91.7018,613569.80948754
2020-07-07,91.4368,91.8716,90.2832,91.7018,436861.905746
2020-07-08,91.1346,92.2691,91.002,91.8906,405185.84866044
2020-07-09,92.3634,96.7575,92.3634,95.8614,1576211.8868578
2020-07-10,94.8211,96.4334,93.5923,96.4334,547310.11459384
2020-07-13,98.3209,102.668,97.749,101.868,1317493.8437311
2020-07-14,100.209,100.734,98.1303,99.7891,894760.76638813
2020-07-15,100.209,101.868,99.2644,101.248,721929.63694337
2020-07-16,99.6465,101.153,98.7883,101.153,641099.52220213
2020-07-17,100.495,101.533,99.694,101.391,663640.61517768
2020-07-20,100.924,104.556,100.209,104.556,1075417.8192713
2020-07-21,105.318,107.816,105.032,106.825,1291669.6599685
2020-07-22,107.016,109.284,106.825,108.722,1363535.7830593
2020-07-23,109.284,113.26,109.238,112.498,1053025.6716285
2020-07-24,110.228,112.878,105.223,112.688,1112883.8639429
2020-07-27,113.346,123.471,112.593,123.28,1752665.9541871
2020-07-28,122.947,126.112,118.981,122.374,1644461.3655288
2020-07-29,119.114,125.778,119.114,124.225,1356859.4658518
2020-07-30,122.898,123.28,116.569,119.019,930168.84808082
2020-07-31,118.266,121.669,118.266,119.162,1057282.151633
2020-08-03,119.877,124.271,119.114,123.042,920953.11783963
2020-08-04,123.042,123.844,120.439,122.374,581471.04135176
2020-08-05,123.844,130.088,123.844,129.705,1674563.0075117
2020-08-06,129.705,132.309,128.381,131.736,1210040.2752018
2020-08-07,131.031,131.689,128.009,128.572,690552.51943426
2020-08-10,128.572,131.832,128.572,130.459,534901.49989394
2020-08-11,129.563,132.166,124.034,124.787,755305.97842695
2020-08-12,120.115,127.008,119.162,127.008,1004152.7220658
2020-08-13,126.779,126.827,125.263,126.207,416414.43871643
2020-08-14,126.302,127.055,124.081,124.787,420826.15751844
2020-08-17,125.263,128.523,125.263,128.523,573759.44919
2020-08-18,128.009,130.039,127.819,128.572,739518.8220577
2020-08-19,130.459,132.071,129.705,130.697,621216.36918004
2020-08-20,127.627,128.572,123.185,126.96,752481.26165714
2020-08-21,127.199,128.237,125.168,126.54,497385.10750415
2020-08-24,127.055,130.888,127.008,130.364,391331.83488561
2020-08-25,130.316,131.126,126.017,126.255,274229.33595695
2020-08-26,126.684,129.944,125.826,129.944,431168.41795302
2020-08-27,129.801,129.944,127.485,128.286,528704.53491955
2020-08-28,129.324,129.898,127.962,129.181,369452.60462144
2020-08-31,129.134,130.65,128.619,129.373,771951.14382616
2020-09-01,130.459,131.88,128.572,128.811,677801.95981533
2020-09-02,129.001,131.88,128.619,130.65,674895.42800354
2020-09-03,130.602,130.888,125.873,125.873,620550.31082548
2020-09-04,124.787,128.811,122.994,127.15,575880.34681665
2020-09-07,128.095,129.944,128.095,129.515,584475.12186745
2020-09-08,129.993,130.554,123.09,123.985,752382.66404245
2020-09-09,123.844,130.459,123.556,129.898,556268.86169036
2020-09-10,128.762,129.468,126.913,127.485,334504.99476757
2020-09-11,127.914,129.001,126.159,129.001,439149.58018899
2020-09-14,129.515,131.689,128.906,129.373,449396.38974125
2020-09-15,129.898,130.841,127.819,128.857,507701.14516885
2020-09-16,128.857,129.048,126.827,127.819,667206.91187926
2020-09-17,124.882,126.35,123.7,124.787,870157.51479043
2020-09-18,126.017,127.389,125.502,126.731,1129984.256627
2020-09-21,125.263,127.246,120.535,120.63,471954.26528952
2020-09-22,120.344,122.193,119.543,119.829,416335.77040684
2020-09-23,116.282,118.122,110.133,114.252,566385.60630409
2020-09-24,111.553,113.07,109.571,110.371,751484.79640229
2020-09-25,111.22,114.862,110.325,111.601,620826.17436446
2020-09-28,114.252,115.616,112.307,114.814,495804.39893671
2020-09-29,114.395,114.814,111.601,111.792,400774.12985843
2020-09-30,111.22,111.935,108.246,111.553,605308.58806942
2020-10-01,112.03,113.585,108.856,108.856,391894.0510715
2020-10-02,107.492,108.999,105.881,108.722,620306.96352114
2020-10-05,108.197,112.783,108.151,111.84,779424.63323755
2020-10-06,112.45,112.783,109.379,110.801,414191.79674272
2020-10-07,110.466,113.441,109.475,113.441,677464.21053947
2020-10-08,114.3,114.767,108.722,109.809,624510.99798582
2020-10-09,109.189,113.394,109.189,113.394,465513.95301079
2020-10-12,114.109,118.361,113.394,115.243,821695.73825918
2020-10-13,115.338,115.338,111.601,112.498,238871.60198241
2020-10-14,113.394,118.551,113.26,117.702,951062.10219808
2020-10-15,116.282,118.312,115.662,117.702,1261021.5354617
2020-10-16,118.312,121.621,118.027,119.448,682103.5429839
2020-10-19,120.068,121.431,118.122,118.171,412414.9418567
2020-10-20,117.98,121.202,117.56,121.202,528090.92210472
2020-10-21,121.86,124.081,121.288,124.034,683481.81176798
2020-10-22,123.471,124.415,119.782,120.153,607210.26334
2020-10-23,119.877,121.526,119.304,119.59,1147534.6320419
2020-10-26,118.266,119.829,117.274,118.171,448565.65239194
2020-10-27,118.171,120.63,117.322,118.981,521378.9419302
2020-10-28,117.702,119.973,115.854,116.569,1284242.3226321
2020-10-29,116.569,117.932,111.411,111.411,898789.63275012
2020-10-30,108.722,111.792,107.816,111.697,646049.33224176
2020-11-02,111.65,114.204,110.133,113.632,363317.52538393
2020-11-03,114.576,123.795,114.014,123.795,840568.79018608
2020-11-04,121.011,121.526,116.664,121.383,736335.37779615
2020-11-05,121.955,125.826,120.535,125.072,675253.10658449
2020-11-06,123.844,130.411,122.565,130.316,756419.92169079
2020-11-09,130.316,134.721,128.906,129.944,954560.21969801
2020-11-10,128.714,129.515,125.453,127.294,537478.67371623
2020-11-12,126.589,130.459,124.882,129.515,619211.9006516
2020-11-13,128.619,129.324,126.398,128.142,433673.21693048
2020-11-16,130.459,136.99,130.459,136.99,973006.36493152
2020-11-17,135.903,140.25,133.3,134.807,1125163.4626151
2020-11-18,134.807,136.799,133.3,133.3,432523.61069962
2020-11-19,132.538,133.3,128.047,128.523,516857.08749476
2020-11-20,130.506,134.721,128.714,134.721,427983.92478067
2020-11-23,134.245,136.227,132.166,133.3,431607.91157595
2020-11-24,134.902,139.917,134.245,139.917,638074.46347056
2020-11-25,139.917,143.978,139.583,143.978,826405.34772685
2020-11-26,144.645,148.287,144.073,147.19,568515.94412789
2020-11-27,146.915,149.841,146.819,146.915,595383.79413109
2020-11-30,147.476,147.763,140.108,140.861,1241524.381612
2020-12-01,141.709,148.421,141.432,148.421,513590.77928043
2020-12-02,148.421,155.752,146.103,155.657,749116.35582812
2020-12-03,155.513,158.307,152.301,157.687,576662.8342694
2020-12-04,157.974,165.819,157.925,165.819,680600.45381527
2020-12-07,165.019,167.516,161.616,167.516,685972.97490511
2020-12-08,165.438,173.952,163.55,173.952,878210.00296043
2020-12-09,173.523,181.465,173.523,174.896,1071930.1908793
2020-12-10,174.896,180.52,173.952,179.005,537540.55945311
2020-12-11,177.917,180.52,168.47,169.557,805504.75123402
2020-12-14,170.167,174.752,167.288,167.288,530820.18799222
2020-12-15,166.382,176.783,166.249,174.896,653695.89193426
2020-12-16,176.783,178.538,173.333,174.706,547796.80920252
2020-12-17,178.205,179.433,173.428,176.64,475861.45799934
2020-12-18,178.681,179.997,174.419,175.744,924615.9143343
2020-12-21,173.189,175.649,167.565,172.055,579165.53542527
2020-12-22,170.596,173.008,169.557,171.207,378744.90535063
2020-12-23,171.873,175.888,171.873,175.135,395484.47272136
2020-12-28,176.783,179.053,176.783,177.775,365683.8681365
2020-12-29,177.775,179.005,176.078,176.316,277553.33426498
2020-12-30,176.316,176.783,172.674,173.008,506488.60429032
2021-01-04,175.744,184.115,175.744,184.115,733829.52990789
2021-01-05,183.352,188.271,182.742,186.193,507367.59153618
2021-01-07,190.875,204.106,190.026,204.106,859903.3628626
2021-01-08,205.051,208.931,197.777,200.99,1034318.3476072
2021-01-11,196.823,197.681,191.16,194.279,672550.06346686
2021-01-12,195.603,198.53,190.026,194.745,460170.80142319
2021-01-13,195.603,196.452,190.398,192.008,318940.20748678
2021-01-14,191.627,196.07,191.16,193.8,443252.91921739
2021-01-15,193.333,194.936,185.297,187.233,574052.09530169
2021-01-18,187.376,190.398,183.028,189.168,435892.71217181
2021-01-19,190.779,194.279,184.534,184.916,421494.31369459
2021-01-20,186.241,191.16,186.241,187.328,769929.892725
2021-01-21,189.739,191.436,182.132,182.132,467977.84446726
2021-01-22,180.95,182.313,176.736,177.594,626090.65764246
2021-01-25,179.624,183.304,176.926,179.577,467300.24809396
2021-01-26,178.014,182.837,174.61,181.845,358692.87769062
2021-01-27,180.425,181.607,163.218,165.486,949729.98548897
2021-01-28,159.718,176.783,158.021,175.135,1026628.7825721
2021-01-29,172.055,182.932,165.676,178.109,1012800.9915671
2021-02-01,186.241,190.683,182.598,184.534,884287.39210424
2021-02-02,182.313,183.448,172.293,173.008,962602.21876007
2021-02-03,174.514,176.974,169.557,172.293,567024.39297799
2021-02-04,173.428,176.736,171.11,171.254,353734.67636463
2021-02-05,173.428,179.624,173.008,179.624,425011.31158882
2021-02-08,183.543,184.629,178.156,182.742,461187.19598314
2021-02-09,183.4,184.21,179.948,182.171,432032.72044775
2021-02-10,184.677,185.764,179.719,181.226,564484.97994431
2021-02-11,182.083,184.4,181.369,183.685,533508.54635873
2021-02-12,182.037,182.694,175.649,179.1,404239.73112373
2021-02-15,182.456,185.392,182.037,184.354,487571.49811004
2021-02-16,184.916,188.929,183.4,184.21,483260.47474431
2021-02-17,184.4,185.297,182.171,182.742,471577.70631426
2021-02-18,185.202,193.143,185.106,185.297,931252.37293162
2021-02-19,189.073,196.166,189.073,196.166,867910.74786844
2021-02-22,198.053,201.361,195.126,198.816,770185.82695888
2021-02-23,201.361,202.592,186.994,190.588,722920.85764425
2021-02-24,190.026,195.507,188.32,192.295,630736.28355166
2021-02-25,196.738,199.093,189.073,189.073,844354.30924373
2021-02-26,183.4,186.193,176.364,179.005,1242203.0268961
2021-03-01,182.694,184.354,179.148,184.354,562455.3375568
2021-03-02,182.932,185.621,181.942,183.639,451042.13077795
2021-03-03,184.916,188.32,179.768,181.084,479410.9721282
2021-03-04,179.338,180.901,173.008,175.934,654371.39048597
2021-03-05,175.934,177.727,173.523,175.086,566912.15952297
2021-03-08,176.126,177.727,173.999,177.594,521828.92466107
2021-03-09,176.269,181.417,175.23,178.681,710600.35145109
2021-03-10,179.433,181.845,178.395,179.529,458203.04477256
2021-03-11,182.456,184.258,178.442,181.084,441953.3187429
2021-03-12,178.862,180.14,176.544,179.433,359881.29362088
2021-03-15,179.948,182.083,176.736,177.164,292834.91563124
2021-03-16,177.26,178.395,174.143,175.411,411068.14039645
2021-03-17,175.792,175.839,171.587,174.562,753874.21519234
2021-03-18,174.801,180.378,173.57,179.387,530975.42678982
2021-03-19,178.395,178.395,173.952,174.19,879337.58206461
2021-03-22,172.151,176.03,171.11,171.11,429473.37810897
2021-03-23,170.167,171.683,165.914,167.383,427832.88162625
2021-03-24,166.382,167.336,162.226,165.162,626667.55857948
2021-03-25,162.082,164.027,156.935,157.591,811250.68456674
2021-03-26,160.9,167.611,160.242,167.145,779464.49184774
2021-03-29,167.336,173.284,166.429,171.11,662385.06895657
2021-03-30,170.644,177.069,170.31,171.11,840915.97965909
2021-03-31,173.008,180.092,172.436,179.815,911373.41555271
2021-04-01,179.624,183.267,177.917,179.997,393645.73209846
2021-04-06,184.916,189.644,184.629,189.025,609828.34468327
2021-04-07,188.977,189.263,185.154,187.184,362711.25494466
2021-04-08,188.225,188.796,184.439,188.32,569523.94740148
2021-04-09,188.129,188.129,181.274,181.655,593339.46699245
2021-04-12,180.568,180.806,175.372,176.126,649894.63921469
2021-04-13,174.991,181.035,174.657,176.316,581051.47703393
2021-04-14,178.767,185.249,178.442,185.058,535153.23848464
2021-04-15,187.042,190.207,184.821,190.207,563894.44316696
2021-04-16,189.834,193.143,187.471,188.605,440057.93693709
2021-04-19,192.008,195.974,187.376,187.842,465535.98013748
2021-04-20,189.073,190.683,185.574,186.193,303978.54391287
2021-04-21,187.042,187.042,181.56,186.05,418185.00013769
2021-04-22,187.566,188.796,186.241,186.803,229774.398661
2021-04-23,186.803,190.026,184.963,189.93,506445.59894774
2021-04-26,192.295,193.705,190.493,193.42,338970.20802011
2021-04-27,195.317,197.586,193.048,194.84,548678.94318077
2021-04-28,192.104,195.689,190.683,193.8,431123.31478885
2021-04-29,196.642,196.919,189.168,189.168,397952.55982101
2021-04-30,190.207,192.2,183.972,183.972,763978.37287655
2021-05-04,186.241,189.453,185.058,186.803,427356.67612551
2021-05-05,189.549,197.957,189.025,197.957,651933.72179936
2021-05-06,198.53,201.838,195.507,199.95,597510.9852225
2021-05-07,203.258,212.239,202.41,208.169,961509.25371212
2021-05-10,215.643,218.197,205.242,206.567,880913.04607807
2021-05-11,207.034,211.571,203.725,209.217,539636.28322068
2021-05-12,209.398,211.009,206.567,209.122,377025.74055831
2021-05-13,207.987,212.993,203.449,211.571,917244.16926999
2021-05-14,211.296,211.571,198.816,200.418,853675.97947517
2021-05-17,201.743,203.258,196.738,202.41,506163.441944
2021-05-18,207.129,208.455,201.361,202.315,568803.3456856
2021-05-19,197.491,199.283,190.026,190.97,940565.65187671
2021-05-20,193.42,194.554,186.146,188.605,955742.34216351
2021-05-21,186.946,190.398,184.916,187.184,479738.23229611
2021-05-24,187.089,190.112,184.534,188.701,491763.99455598
2021-05-25,190.398,191.341,181.226,185.154,963954.26477428
2021-05-26,185.716,188.081,183.685,187.937,540196.40158499
2021-05-27,187.937,190.683,186.431,189.073,1673439.6240507
2021-05-28,189.549,192.381,189.073,191.818,1541959.7048608
2021-05-31,192.857,195.222,190.302,190.97,356839.45231659
2021-06-01,191.436,199.283,191.436,197.395,621922.2861448
2021-06-02,197.491,198.435,193.991,198.053,794904.45874398
2021-06-04,192.857,193.705,189.549,193.143,952637.56621155
2021-06-07,192.381,192.476,189.358,190.398,591301.43331858
2021-06-08,189.739,190.588,186.994,189.168,766799.94291397
2021-06-09,189.644,190.026,184.354,184.677,631270.17914611
2021-06-10,185.297,188.891,183.734,186.623,621054.83691768
2021-06-11,188.605,191.723,187.042,187.042,495158.26988725
2021-06-14,186.146,187.986,183.876,186.755,452487.52985288
2021-06-15,183.4,184.867,175.888,175.888,1167860.4254193
2021-06-16,174.896,177.26,172.579,175.372,922118.45773241
2021-06-17,173.008,173.904,167.145,169.176,1216283.3922512
2021-06-18,168.747,173.228,168.317,170.605,1613175.5032589
2021-06-21,169.7,176.182,166.459,174.847,610645.44619225
2021-06-22,176.374,177.327,173.37,176.326,651748.06458872
2021-06-23,179.233,181.951,174.991,180.664,535867.54673575
2021-06-24,177.899,181.713,177.709,181.092,397655.71806614
2021-06-25,181.14,183.571,179.615,180.855,360472.87930902
2021-06-28,180.187,181.331,177.231,179.138,444448.67752321
2021-06-29,178.423,179.091,175.516,176.994,472781.85590644
2021-06-30,177.565,180.759,176.182,178.9,554914.71785455
2021-07-01,179.233,185.431,178.375,184.381,691992.67395522
2021-07-02,184.381,185.192,182.093,182.237,270411.30066468
2021-07-05,183.524,185.716,181.855,182.523,200426.92353941
2021-07-06,185.287,185.716,177.804,177.804,274272.34129953
2021-07-07,180.187,184.286,178.9,182.762,379658.50665271
2021-07-08,181.713,181.808,174.562,176.182,664615.05330585
2021-07-09,176.803,180.044,176.803,179.043,321107.25718838
2021-07-12,178.757,179.186,176.85,176.85,286315.93504291
2021-07-13,177.899,179.567,176.659,178.662,234192.41092778
2021-07-14,177.804,180.711,177.804,178.518,231275.39000805
2021-07-15,179.233,181.475,176.945,180.711,298931.18516934
2021-07-16,181.284,181.521,176.659,178.09,191284.61705384
2021-07-19,176.85,177.184,171.655,173.037,487887.22025921
2021-07-20,173.228,174.991,168.365,172.703,341844.22359726
2021-07-21,173.133,178.137,171.94,176.135,414736.1814451
2021-07-22,177.327,181.331,176.707,177.04,387176.05031748
2021-07-23,177.994,181.76,177.994,181.331,374266.05625777
2021-07-26,182.952,185.621,181.713,184.858,470687.18104967
2021-07-27,184.858,185.621,181.14,185.621,448913.89077574
2021-07-28,184.43,185.05,182.475,183.667,200346.15740823
2021-07-29,185.05,191.15,184.667,191.15,665561.17084256
2021-07-30,188.767,190.579,184.955,185.526,484117.43486349
2021-08-02,186.623,187.909,185.859,186.86,131942.48885039
2021-08-03,187.719,189.673,183.809,187.147,469878.47082704
2021-08-04,187.814,190.579,186.909,189.006,399408.44800389
2021-08-05,188.291,188.291,185.192,185.669,357720.53738404
2021-08-06,187.814,188.577,185.24,185.431,376938.68096236
2021-08-09,185.431,186.527,179.71,179.71,374314.30615432
2021-08-10,180.711,183.953,179.71,183.476,277857.51839541
2021-08-11,182.57,183.809,180.235,183.094,479205.38561246
2021-08-12,183.905,184.811,181.76,182.952,249171.9059852
2021-08-13,183.143,183.763,181.379,182.952,185477.84689504
2021-08-16,181.045,181.284,178.375,178.852,283122.00167341
2021-08-17,179.138,182.332,176.087,177.374,481897.93962215
2021-08-18,179.233,179.377,169.7,169.7,909044.83358874
2021-08-19,166.84,167.411,161.12,164.694,1072441.0104363
2021-08-20,165.601,166.077,162.168,164.266,553079.12396403
2021-08-23,166.649,169.7,165.123,168.889,683517.474735
2021-08-24,170.177,172.464,167.84,172.178,561497.68200134
2021-08-25,171.56,172.036,169.557,171.701,375061.13064006
2021-08-26,170.367,170.986,168.842,168.842,260821.10926982
2021-08-27,169.7,172.559,168.175,172.559,339924.71684317
2021-08-30,173.513,174.847,171.464,172.274,398794.83518906
2021-08-31,172.559,173.704,168.508,169.986,911018.88370414
2021-09-01,168.747,168.747,165.076,166.22,637581.4753971
2021-09-02,166.554,168.222,164.361,166.792,539584.88659174
2021-09-03,167.602,169.748,166.315,168.555,381850.73021339
2021-09-06,168.508,172.369,168.032,172.369,248216.34825133
2021-09-07,171.416,171.416,167.221,168.46,418771.34127186
2021-09-08,168.317,168.46,165.171,165.171,386324.33475228
2021-09-09,165.315,168.555,165.315,167.745,371850.41469785
2021-09-10,168.793,172.942,168.46,171.988,525242.08038664
2021-09-13,172.559,173.228,168.937,169.938,514299.84297757
2021-09-14,169.223,169.272,166.315,166.315,710727.26965724
2021-09-15,166.459,169.843,166.077,168.555,644482.25951465
2021-09-16,166.84,167.507,161.691,162.979,919665.05538388
2021-09-17,163.979,164.837,159.594,159.833,1200560.2194404
2021-09-20,157.878,157.878,150.441,151.586,978888.65666753
2021-09-21,151.92,156.162,148.488,148.488,815599.46872107
2021-09-22,153.493,156.591,152.253,155.591,700529.75891232
2021-09-23,156.448,156.782,153.588,155.066,744941.69086569
2021-09-24,155.352,156.305,152.92,152.969,454396.54749902
2021-09-27,154.446,155.447,149.679,151.061,600547.58197282
2021-09-28,150.633,152.396,147.581,147.868,473874.8209544
2021-09-29,147.772,148.44,145.723,147.057,438691.20617175
2021-09-30,147.915,150.441,146.008,150.299,830088.07352663
2021-10-01,148.726,150.823,148.058,148.821,508700.75715609
2021-10-04,148.25,153.779,145.913,150.299,695375.41126774
2021-10-05,149.679,150.013,146.962,149.584,545547.94445894
2021-10-06,148.916,149.107,143.149,143.149,1052564.1508789
2021-10-07,144.435,150.346,144.435,148.25,1308303.287349
2021-10-08,149.584,150.537,146.533,146.58,1110976.9441184
2021-10-11,148.345,157.115,148.154,157.115,1257110.1471087
2021-10-12,155.208,156.925,153.016,155.398,1060042.8848443
2021-10-13,155.398,158.116,154.017,154.971,984919.89373638
2021-10-14,159.403,161.882,158.021,159.594,1494541.5945701
2021-10-15,161.12,161.645,157.306,160.357,763333.29273788
2021-10-18,162.549,166.41,161.596,161.787,1052342.8307013
2021-10-19,165.411,166.077,159.357,160.166,782827.29985517
2021-10-20,158.736,162.788,157.401,162.502,598258.85861904
2021-10-21,158.783,159.928,152.634,152.634,731111.80203913
2021-10-22,153.493,156.21,151.681,154.589,604333.10103046
2021-10-25,156.305,156.83,151.252,153.016,607260.61105814
2021-10-26,153.303,154.35,151.109,151.633,368545.29678412
2021-10-27,150.299,150.299,146.057,147.868,560644.91752535
2021-10-28,148.535,149.964,146.915,147.391,434442.0685429
2021-10-29,147.105,150.251,145.293,146.247,551443.87203528
2021-11-02,143.959,144.769,141.527,142.434,684701.69502208
2021-11-03,144.53,147.581,143.769,145.246,456892.95519013
2021-11-04,146.723,149.107,144.197,144.912,686006.54005054
2021-11-05,145.246,145.342,141.861,143.005,763524.19450249
2021-11-08,143.959,147.295,142.624,147.105,603747.80880708
2021-11-09,147.105,149.249,143.864,145.007,729951.70670032
2021-11-10,144.912,146.485,140.527,144.484,603290.48370065
2021-11-12,146.723,152.92,145.866,151.537,944984.71305428
2021-11-15,152.92,153.016,145.007,145.627,754252.87198919
2021-11-16,146.533,147.772,144.435,144.96,537423.08144411
2021-11-17,144.96,147.63,137.952,143.483,1255044.8417541
2021-11-18,140.527,140.717,133.759,134.854,1319208.8128803
2021-11-19,137.428,139.812,134.044,136.188,906297.73621773
2021-11-22,137.285,140.003,134.425,139.288,448560.40783797
2021-11-23,139.288,139.717,136.093,138.096,646382.88587443
2021-11-24,138.238,140.098,136.188,136.618,477581.67170245
2021-11-25,138.096,138.334,135.378,136.047,336551.4197278
2021-11-26,132.804,132.804,126.369,126.893,1092820.2982642
2021-11-29,128.228,130.85,125.368,128.276,702000.33184632
2021-11-30,126.989,137.19,126.798,135.664,858976.12572019
2021-12-01,137.19,139.669,134.997,138.716,1095625.0857289
2021-12-02,137.333,138.525,133.759,138.525,628552.45127735
2021-12-03,139.001,139.193,132.709,132.709,701228.33350151
2021-12-06,133.042,135.093,131.566,132.995,303667.01740688
2021-12-07,136.142,140.956,135.427,140.289,809791.64965148
2021-12-08,140.431,141.432,137.62,138.62,374014.31766707
2021-12-09,139.193,139.193,133.472,134.95,637474.48649605
2021-12-10,134.95,136.475,134.235,135.617,327196.18435093
2021-12-13,135.903,138.286,135.903,137.715,631270.17914611
2021-12-14,137.81,139.001,135.522,137.571,299460.88512061
2021-12-15,136.57,136.57,129.659,129.849,668432.03968733
2021-12-16,132.995,136.713,132.995,136.475,624858.18745883
2021-12-17,135.664,137.095,134.473,135.569,1004261.8087885
2021-12-20,132.518,132.518,128.324,129.468,750240.78819991
2021-12-21,132.518,132.9,130.135,130.802,431224.01022513
2021-12-22,131.327,132.518,130.374,132.471,256557.28688984
2021-12-23,132.9,134.235,132.137,133.042,356625.4745145
2021-12-27,132.042,132.423,129.898,131.517,381760.52388505
2021-12-28,131.566,134.615,131.231,133.185,512175.79861854
2021-12-29,132.995,135.14,132.376,135.093,282474.82371316
2021-12-30,135.093,135.093,132.137,132.9,304871.16699906
2022-01-03,134.186,137.761,132.614,133.472,397744.87548368
2022-01-04,134.377,136.475,131.566,136.475,513455.46978793
2022-01-05,136.427,139.193,134.807,139.193,576106.91154827
2022-01-07,137.285,137.428,134.615,134.95,661424.26666873
2022-01-10,136.188,136.665,132.089,132.327,379315.51282288
2022-01-11,134.091,139.43,132.947,136.427,686705.11463973
2022-01-12,139.573,148.058,139.43,148.058,1462755.4018511
2022-01-13,149.679,150.299,145.198,145.342,765014.69674159
2022-01-14,144.435,147.01,142.624,144.006,568697.40569535
2022-01-17,144.579,146.39,143.72,146.39,370505.7110592
2022-01-18,146.057,146.057,140.145,141.337,762556.04983909
2022-01-19,139.908,144.912,138.334,143.054,665296.84532233
2022-01-20,145.151,146.533,141.671,144.006,569441.08344871
2022-01-21,141.766,142.767,135.378,137.715,1041444.6475456
2022-01-24,134.425,137.143,127.466,128.753,1120417.1412696
2022-01-25,130.707,132.518,129.134,131.851,744987.84294065
2022-01-26,133.472,137.476,133.472,136.047,648868.80445759
2022-01-27,134.425,142.338,132.804,139.908,1211614.6903045
2022-01-28,139.908,139.908,133.281,135.569,1219688.1566904
2022-01-31,136.427,137.81,131.661,133.042,961190.38483056
2022-02-01,134.711,137.238,132.709,136.093,807312.02453309
2022-02-02,137.095,140.098,135.808,138.238,726874.20242902
2022-02-03,138.43,139.144,136.427,137.571,330217.04743932
2022-02-04,137,138,133.376,133.376,560446.67338517
2022-02-07,134.282,135.569,132.327,132.995,478413.45796255
2022-02-08,133.185,137.238,132.9,136.427,621492.23271902
2022-02-09,136.427,139.573,136.142,138.858,685611.10068098
2022-02-10,141.242,145.627,140.479,145.293,1513324.4401687
2022-02-11,141.099,146.152,139.478,145.962,707871.08556359
2022-02-14,142.529,144.292,138.477,143.673,790771.75021333
2022-02-15,143.959,149.154,143.959,146.819,704607.92408165
2022-02-16,148.726,149.774,145.579,147.105,541275.73079261
2022-02-17,147.105,147.772,143.959,144.435,464542.66161501
2022-02-18,144.006,147.486,144.006,145.913,479421.46123614
2022-02-21,147.295,148.44,142.147,145.342,517532.58604647
2022-02-22,141.432,150.489,140.717,150.203,793332.14146291
2022-02-23,150.966,153.016,143.959,143.959,941036.61282348
2022-02-24,136.57,139.288,133.759,135.759,1158190.5168041
2022-02-25,140.622,150.633,139.573,148.44,1359675.7913352
2022-02-28,146.819,157.783,146.628,157.783,1598986.8869406
2022-03-01,158.736,163.932,153.73,158.403,975363.26748695
2022-03-02,160.166,171.13,158.545,168.27,1376176.2070448
2022-03-03,171.13,173.989,165.601,168.032,1070705.0630712
2022-03-04,168.27,171.272,163.645,169.89,1041598.8374324
2022-03-07,173.037,184.572,166.506,167.84,2041932.4752951
2022-03-08,173.513,174.038,163.218,165.123,786560.37337309
2022-03-09,168.747,168.747,160.786,162.216,690581.88893651
2022-03-10,161.12,173.513,159.784,169.7,1326129.5263029
2022-03-11,172.751,173.751,165.315,166.267,814706.84563489
2022-03-14,163.979,165.743,159.737,159.737,652684.74192828
2022-03-15,158.832,160.118,153.159,156.543,865087.08000942
2022-03-16,160.118,163.074,158.641,163.074,1285064.6686951
2022-03-17,164.932,168.222,162.168,168.222,716441.73566612
2022-03-18,168.079,170.033,162.359,163.169,1547123.4927025
2022-03-21,163.218,168.508,163.169,166.744,560086.89698263
2022-03-22,164.932,171.511,164.647,171.082,1036430.8539475
2022-03-23,171.225,173.465,167.698,170.081,347536.66247945
2022-03-24,171.606,173.799,168.413,173.704,529482.82672913
2022-03-25,173.513,174.086,167.794,169.08,380337.15193681
2022-03-28,167.794,173.894,167.03,173.418,577491.47379712
2022-03-29,173.513,173.894,168.079,168.747,945311.97322219
2022-03-30,171.416,172.274,168.222,169.033,433237.91895073
2022-03-31,168.747,169.462,164.314,164.837,664028.71217168
2022-04-01,164.932,168.652,163.503,167.65,499971.72152358
2022-04-04,167.65,168.175,164.17,166.315,242280.5620648
2022-04-05,166.84,167.936,164.123,165.218,371102.54130131
2022-04-06,164.647,164.981,157.401,162.502,590405.66350001
2022-04-07,163.026,163.694,157.306,157.306,557721.60314085
2022-04-08,159.308,161.596,157.925,159.213,562782.59772471
2022-04-11,158.736,162.073,156.495,162.073,371690.98025707
2022-04-12,162.073,162.979,159.88,160.881,460805.39245391
2022-04-13,162.073,163.789,161.262,163.026,262171.05746244
2022-04-14,163.503,164.647,160.833,162.931,201563.94284074
2022-04-19,163.979,165.838,161.357,164.791,654565.43898296
2022-04-20,165.696,165.696,160.261,160.261,603406.91279885
2022-04-21,161.691,161.882,154.16,154.16,742837.57581176
2022-04-22,153.207,153.207,143.72,143.72,926148.37300519
2022-04-25,138.238,140.908,134.044,134.044,1183902.4671116
2022-04-26,138.238,138.238,132.137,132.137,1322565.3274229
2022-04-27,133.472,137.571,131.803,136.808,1118603.5745058
2022-04-28,137.857,139.954,133.854,136.188,1098420.4329964
2022-04-29,138.238,139.669,137.095,138.191,609369.97066604
2022-05-02,135.473,136.332,132.137,133.424,383982.11694798
2022-05-04,133.615,134.091,127.99,132.566,568660.69381754
2022-05-05,137.285,137.952,126.846,127.18,1428851.4582379
2022-05-06,126.608,126.608,118.217,121.983,1161994.916256
2022-05-09,120.124,121.697,114.024,114.547,913693.60623033
2022-05-10,116.788,117.694,111.544,111.544,1303572.6996654
2022-05-11,112.641,117.456,111.973,115.263,1297547.7560614
2022-05-12,111.878,112.117,107.064,110.21,1358923.7222955
2022-05-13,114.405,115.644,111.735,113.641,1282710.912872
2022-05-16,113.736,119.076,112.927,118.694,1011432.1629802
2022-05-17,120.601,124.796,119.409,123.366,1237225.9451758
2022-05-18,123.27,124.891,121.746,124.605,1053873.1915506
2022-05-19,122.127,127.99,121.364,127.131,1031389.7886687
2022-05-20,129.181,131.517,126.178,127.323,509736.03211034
2022-05-23,129.659,131.184,128.037,129.373,544297.6427918
2022-05-24,128.371,131.041,126.655,128.848,506786.49495598
2022-05-25,130.612,131.374,127.942,130.612,440089.40426093
2022-05-26,130.135,135.951,129.181,135.045,609809.46428897
2022-05-27,135.951,138.238,134.854,138,632189.02500216
2022-05-30,139.383,140.241,136.808,139.717,430953.39124013
2022-05-31,140.145,141.289,137.62,138.763,1572951.8721082
2022-06-01,138.238,138.286,133.854,135.14,652667.95935557
2022-06-02,135.378,140.049,135.378,140.049,356184.93198078
2022-06-03,142.052,142.386,137.571,138.763,278286.52291039
2022-06-06,139.193,141.957,137.905,140.717,236518.89507016
2022-06-07,137.81,142.719,137.476,142.719,674119.23401555
2022-06-08,141.622,142.052,137.857,139.859,418265.76626887
2022-06-09,140.193,142.434,137.715,139.812,663360.55599553
2022-06-10,139.001,139.193,133.567,133.567,664026.61435009
2022-06-13,130.612,132.518,127.561,130.421,827474.18782653
2022-06-14,132.185,133.234,129.134,131.136,475172.3236073
2022-06-15,131.566,133.9,128.562,132.995,605549.83755217
2022-06-17,127.751,129.754,124.701,124.701,1591823.8751244
2022-06-20,125.844,125.844,118.504,118.551,812652.0293883
2022-06-21,119.934,125.225,119.934,123.461,467935.88803548
2022-06-22,121.078,121.65,114.024,114.5,1003596.7993447
2022-06-23,114.405,114.5,107.731,108.971,1225390.0357697
2022-06-24,109.637,112.402,108.684,111.83,626617.21086134
2022-06-27,113.641,117.836,113.403,117.217,638681.78282062
2022-06-28,119.267,123.032,118.647,119.885,1135558.1685894
2022-06-29,116.883,120.124,114.405,118.694,685816.68719672
2022-06-30,117.264,118.312,112.163,113.355,1253623.5676275
2022-07-01,111.83,112.832,108.302,108.875,973977.6563273
2022-07-04,110.495,112.163,107.636,111.306,607267.9534337
2022-07-05,111.449,111.544,98.1971,98.1971,1443019.0963403
2022-07-06,98.7863,102.322,94.3674,98.9336,1127521.0576553
2022-07-07,101.044,109.98,100.848,109.784,1330816.2634051
2022-07-08,109.588,110.079,104.777,109.637,821607.75195564
2022-07-11,105.071,106.592,102.763,104.825,537982.27310082
2022-07-12,103.991,104.236,100.014,101.88,711899.82972238
2022-07-13,102.42,103.45,98.7863,99.9158,582583.38579042
2022-07-14,99.2277,101.83,95.153,96.3313,655905.30541164
2022-07-15,95.7422,97.3133,94.662,96.0368,597708.06843228
2022-07-18,99.7188,102.174,99.2772,101.29,598566.54590785
2022-07-19,99.1792,102.763,98.7863,102.616,478497.82908812
2022-07-20,104.236,105.66,103.107,105.66,551161.88815274
2022-07-21,105.464,105.66,101.634,102.911,542811.33619588
2022-07-22,104.04,105.562,103.304,105.562,429565.6313409
2022-07-25,105.071,105.071,100.455,101.143,411053.88335653
2022-07-26,103.352,105.857,101.389,102.224,726985.81468445
2022-07-27,102.861,103.254,97.6865,99.7188,615299.21898141
2022-07-28,102.911,107.722,102.518,107.084,1185385.2909164
2022-07-29,108.213,113.418,108.164,113.368,1096914.2480134
2022-08-01,113.368,113.811,110.619,113.368,564284.47504495
2022-08-02,111.405,111.945,107.329,108.164,616796.20817368
2022-08-03,108.017,108.95,105.709,107.772,472116.78536108
2022-08-04,108.017,109.735,106.396,107.526,361710.26817143
2022-08-05,109.489,109.882,104.334,107.035,389766.0860265
2022-08-08,108.164,112.927,107.624,112.927,391635.79497684
2022-08-09,112.681,112.829,110.275,111.405,252661.22485477
2022-08-10,109.98,112.632,107.329,111.306,486427.79836715
2022-08-11,112.436,113.811,111.012,113.811,554799.47005395
2022-08-12,113.222,113.663,109.932,111.503,411570.19187386
2022-08-16,111.208,113.074,109.98,110.766,431264.25581212
2022-08-17,110.962,111.012,106.446,106.789,329248.00661913
2022-08-18,105.071,106.642,99.1792,104.286,1198642.3013279
2022-08-19,103.107,103.745,99.8663,99.8663,664634.68728655
2022-08-22,99.7683,100.553,97.3133,100.161,481895.07803057
2022-08-23,100.161,103.402,99.2772,102.322,637123.69202867
2022-08-24,101.585,101.585,98.0007,98.9827,421538.91786236
2022-08-25,100.112,101.634,97.8043,100.161,516491.82213184
2022-08-26,100.946,102.665,99.5227,101.094,845510.69775216
2022-08-29,98.0989,98.0989,93.5818,94.5049,845445.52271249
2022-08-30,94.721,95.4476,92.0696,92.0696,714710.50330786
2022-08-31,92.3249,92.7963,86.8258,86.9044,1216519.6110356
2022-09-01,85.9224,86.0011,82.7016,82.7016,1255852.7474724
2022-09-02,84.4495,86.0403,82.191,86.0403,548762.63200513
2022-09-05,85.4315,87.7489,84.2924,87.0616,548891.96372447
2022-09-06,88.181,90.145,83.3497,84.4495,788845.07420489
2022-09-07,83.4086,84.6262,81.5036,82.9765,638853.88565973
2022-09-08,84.4495,85.9224,83.1337,84.2531,611696.26132002
2022-09-09,87.3954,92.6784,87.0616,91.2644,1164617.8755437
2022-09-12,93.5033,96.2135,92.5802,93.9157,715624.99058313
2022-09-13,95.3494,95.7029,90.1646,90.4002,613105.67155274
2022-09-14,89.3594,91.3626,87.4347,87.9846,643247.09067703
2022-09-15,88.8683,90.6359,88.397,89.3986,555051.00497265
2022-09-16,87.8864,88.397,85.726,87.3169,1605006.6369087
2022-09-19,87.0223,89.1434,86.5706,88.181,493169.34153232
2022-09-20,88.9273,89.7521,84.9404,85.2744,470942.61628715
2022-09-21,85.5689,89.3397,85.2351,88.4756,545062.93014425
2022-09-22,86.9044,89.9289,86.2171,88.8487,455217.10124838
2022-09-23,88.3774,88.3774,83.4675,83.4675,1022992.5143553
2022-09-26,81.6803,84.3121,79.7949,82.898,1022090.2474
2022-09-27,83.4675,85.1369,82.7801,83.6246,859909.28971777
2022-09-28,81.0126,83.1141,79.2255,82.7016,1686514.1341676
2022-09-29,83.3694,86.4527,81.8571,82.839,1171624.1923075
2022-09-30,84.9797,86.3545,83.9781,86.0796,560862.78546262
2022-10-03,85.0387,91.3037,84.6262,91.2448,680601.55364406
2022-10-04,94.7602,96.1742,92.3249,95.2512,704753.99763929
2022-10-05,95.2512,95.2512,91.2644,91.8732,430073.79297827
2022-10-06,94.2692,94.5834,89.6146,90.5377,373588.41915007
2022-10-07,89.7128,91.0877,88.2988,89.3594,360025.90074013
2022-10-10,89.163,89.9289,87.5329,88.2596,393108.34352923
2022-10-11,87.3954,89.2808,85.4511,87.474,660091.78335002
2022-10-12,88.1614,89.2612,85.078,85.9618,771061.45361675
2022-10-13,85.4904,87.9846,84.3513,86.3349,532604.31396861
2022-10-14,89.5557,90.0271,86.6884,86.9438,816716.5689009
2022-10-17,88.1614,89.2415,85.5297,88.9666,478222.87188954
2022-10-18,89.4575,90.6359,87.7096,88.5934,721857.35375094
2022-10-19,87.3954,88.1614,86.0403,86.9438,458804.78350985
2022-10-20,87.1401,90.7341,86.4135,90.4199,417935.96020097
2022-10-21,88.947,89.0255,86.6884,88.2203,479237.1584443
2022-10-24,89.2612,89.8504,87.4936,88.3774,574745.06891091
2022-10-25,88.8683,89.7128,86.3938,89.2415,606879.41854491
2022-10-26,89.3594,93.6604,88.7701,93.6604,618274.86688604
2022-10-27,93.2872,94.603,91.4411,94.603,587272.93356619
2022-10-28,91.8143,93.7193,90.4395,93.0123,840264.10705926
2022-10-31,92.6587,94.5441,92.0107,93.9354,1258845.7074969
2022-11-02,95.369,99.9158,94.937,96.9598,1272112.9015084
2022-11-03,95.0548,95.8404,92.8945,95.8404,759037.67715887
2022-11-04,98.0989,107.919,98.0007,107.035,1877040.1239434
2022-11-07,106.986,112.092,105.071,107.772,1173777.0053364
2022-11-08,107.477,111.847,107.133,111.847,571333.56292853
2022-11-09,111.65,113.713,110.177,112.534,614637.28498483
2022-11-10,111.503,116.756,107.919,116.756,814547.46211211
2022-11-14,120.046,125.889,120.046,124.907,1685538.5452926
2022-11-15,126.527,127.411,119.162,122.501,959838.91928154
2022-11-16,118.818,122.403,115.873,120.389,842510.60920765
2022-11-17,120.782,122.158,113.025,113.025,830889.08494769
2022-11-18,113.516,115.087,110.471,111.896,842999.42200513
2022-11-21,110.962,110.962,107.722,107.722,590779.14702808
2022-11-22,108.017,114.203,108.017,112.288,814447.66283262
2022-11-23,113.909,114.891,112.436,113.32,554765.86417412
2022-11-24,114.596,114.891,113.418,114.891,375425.54058058
2022-11-25,114.793,115.087,113.025,113.516,409772.78648314
2022-11-28,112.338,112.583,110.373,110.373,577203.38993821
2022-11-29,111.257,114.645,111.11,113.32,894700.54057804
2022-11-30,113.123,117.836,110.57,113.713,1962177.0562235
2022-12-01,117.64,118.72,114.694,117.788,789835.93847977
2022-12-02,117.69,117.69,114.154,116.069,476083.29754059
2022-12-05,116.708,121.126,116.708,119.064,567946.49758603
2022-12-06,117.836,118.77,115.48,118.229,487840.26367985
2022-12-07,116.658,118.475,115.48,117.984,391224.37753896
2022-12-08,118.327,120.291,116.658,119.997,426152.08863853
2022-12-09,121.273,121.47,118.77,119.359,681829.69579772
2022-12-12,119.309,119.309,116.904,118.327,775203.12371536
2022-12-13,118.818,126.772,117.199,125.496,1217396.418991
2022-12-14,125.201,127.263,123.729,125.937,912435.27988643
2022-12-15,123.483,124.612,121.765,123.679,737559.44650982
2022-12-16,121.765,124.416,119.359,122.108,1295823.3772659
2022-12-19,122.747,123.974,121.568,121.568,223809.04948382
2022-12-20,119.898,123.532,119.162,123.336,458552.23023115
2022-12-21,123.679,126.38,122.845,126.38,352568.45049866
2022-12-22,125.594,126.085,121.323,121.568,610268.5206074
2022-12-23,121.273,122.992,120.193,121.863,326104.32931537
2022-12-27,124.71,125.054,122.795,123.139,323148.03025064
2022-12-28,123.041,124.857,122.452,123.09,349673.25303361
2022-12-29,123.532,127.117,122.256,126.036,422245.65969871
2022-12-30,125.398,126.134,124.072,124.465,273317.63898806
2023-01-02,124.465,126.183,124.465,125.348,90675.792291576
2023-01-03,125.791,129.669,125.791,128.147,598216.23006966
2023-01-04,128.638,130.455,126.724,130.111,530143.95622132
2023-01-05,129.62,136.199,128.589,134.039,618217.83872633
2023-01-09,138.949,145.43,138.458,145.43,1204445.9349379
2023-01-10,144.252,148.131,141.404,148.131,948551.41709985
2023-01-11,149.161,151.911,146.608,147.836,813386.53171811
2023-01-12,148.081,151.911,147.099,148.376,689847.2440363
2023-01-13,148.277,151.617,147.492,151.028,517346.22616743
2023-01-16,151.224,151.469,146.314,147.59,544387.75746773
2023-01-17,146.412,149.063,145.282,146.167,627186.5352
2023-01-18,148.277,150.978,146.56,149.898,704367.02084129
2023-01-19,146.903,146.903,141.208,143.761,915920.10778843
2023-01-20,144.35,145.479,141.895,141.895,427342.55147238
2023-01-23,143.368,148.425,143.368,145.135,686608.85925303
2023-01-24,147.051,149.848,144.35,146.019,631784.43057625
2023-01-25,145.332,148.327,144.3,145.479,460005.42994365
2023-01-26,147.295,148.277,146.019,146.56,410201.51604093
2023-01-27,147.001,147.541,143.564,143.564,412575.31318867
2023-01-30,143.172,143.172,140.078,141.11,581596.59495552
2023-01-31,139.93,140.421,136.642,138.115,1075859.6551222
2023-02-01,138.458,139.538,135.757,136.347,566371.09467417
2023-02-02,137.525,142.288,135.708,138.9,1094034.3259483
2023-02-03,137.476,137.476,132.763,135.266,908791.58782525
2023-02-06,133.548,134.53,131.388,132.468,628103.05919527
2023-02-07,133.548,136.249,132.272,135.855,619055.949002
2023-02-08,137.869,138.9,135.462,135.462,399739.90381497
2023-02-09,137.525,138.458,135.659,136.249,416639.58792767
2023-02-10,135.659,135.659,130.405,131.24,727605.99592124
2023-02-13,132.419,132.665,128.638,130.749,410885.85395739
2023-02-14,130.994,132.517,129.62,131.339,356515.61383827
2023-02-15,129.62,131.29,128.245,130.209,280076.49427315
2023-02-16,131.585,132.91,129.768,131.585,294306.03847964
2023-02-17,131.093,132.419,129.423,130.994,398371.22798204
2023-02-20,131.683,135.659,131.683,134.236,327940.43238588
2023-02-21,134.53,134.53,130.994,133.156,310384.92443657
2023-02-22,131.977,131.977,124.907,126.183,681470.21471958
2023-02-23,126.183,128.393,125.692,126.036,526300.66560117
2023-02-24,125.545,125.545,121.421,121.765,753428.55030784
2023-02-27,121.323,125.005,120.586,123.532,368530.2250562
2023-02-28,123.532,125.692,122.01,125.103,741123.70649141
2023-03-01,127.263,132.272,127.165,129.816,1139070.2783556
2023-03-02,128.638,128.638,124.465,125.741,919074.98705213
2023-03-03,126.871,128.54,126.38,128.54,1155662.4177499
2023-03-06,129.62,130.111,125.741,127.656,633212.17128887
2023-03-07,127.607,127.656,123.139,123.581,1016044.2441112
2023-03-08,123.532,124.366,121.371,123.729,1253464.6932847
2023-03-09,123.238,124.71,119.604,119.702,839282.40802433
2023-03-10,117.738,119.407,116.069,119.261,804181.57572566
2023-03-13,120.291,120.684,113.123,117.395,1243685.3822552
2023-03-14,116.364,119.457,116.118,118.327,586664.97264933
2023-03-15,118.327,118.327,111.257,111.257,1010606.2017393
2023-03-16,112.436,113.909,108.311,112.829,1093926.3797889
2023-03-17,114.694,118.082,111.65,112.338,1650583.3384732
2023-03-20,111.749,115.676,110.177,115.234,689735.22443688
2023-03-21,115.873,120.291,115.136,116.756,784929.48002511
2023-03-22,116.806,117.395,115.284,116.51,407214.66617636
2023-03-23,115.873,117.395,112.436,115.284,463575.8000852
2023-03-24,115.578,115.873,111.453,112.877,427153.13651336
2023-03-27,114.645,114.694,111.453,114.35,381566.25134886
2023-03-28,115.185,116.412,114.4,114.891,565032.96964108
2023-03-29,115.774,116.51,113.811,116.364,577763.48793532
2023-03-30,116.855,121.421,116.658,121.028,809503.52505817
2023-03-31,121.765,122.304,119.211,120.046,626904.44948146
2023-04-03,119.752,120.88,118.082,118.475,445617.02157798
2023-04-04,119.261,119.261,115.774,116.314,548248.36020779
2023-04-05,115.774,116.069,113.663,114.252,559024.64567212
2023-04-06,115.332,115.971,113.761,114.35,312449.14014591
2023-04-11,116.069,119.015,114.989,117.788,620437.86351486
2023-04-12,117.738,120.733,116.412,119.8,648053.7498522
2023-04-13,119.604,122.158,118.475,121.617,554631.44065482
2023-04-14,122.599,126.331,122.55,123.679,848473.10697685
2023-04-17,124.759,125.3,119.162,119.948,727578.50020138
2023-04-18,120.88,126.527,120.144,126.527,1118566.6182216
2023-04-19,126.183,126.183,122.599,123.434,614842.99370377
2023-04-20,123.434,125.496,123.238,123.777,634368.0098829
2023-04-21,122.059,122.059,118.966,120.537,558196.7189964
2023-04-24,118.818,120.291,117.935,118.573,456989.04763923
2023-04-25,118.229,118.573,114.007,114.105,977841.48726854
2023-04-26,115.676,116.314,113.909,115.823,626245.57056486
2023-04-27,115.087,117.345,115.087,117.149,541308.23684364
2023-04-28,117.836,118.181,114.203,117.247,633641.91920665
2023-05-02,116.855,117.836,113.909,113.909,573743.00267609
2023-05-04,114.105,116.61,113.418,114.056,611295.0274821
2023-05-05,115.185,116.806,114.498,116.412,303121.98095409
2023-05-08,117.297,121.47,116.953,119.898,458640.8275507
2023-05-09,119.211,119.211,116.953,118.279,377862.47604799
2023-05-10,118.524,120.291,116.806,117.002,465023.90799772
2023-05-11,115.873,116.756,112.142,112.731,1010377.0707405
2023-05-12,113.418,113.859,111.994,112.583,696903.46043985
2023-05-15,113.516,114.302,112.338,114.105,592469.62461935
2023-05-16,112.731,114.645,111.65,112.731,592523.59769907
2023-05-17,112.927,112.927,110.816,111.06,514724.96754097
2023-05-18,111.405,112.387,108.361,109.343,660113.1689099
2023-05-19,110.275,111.551,109.637,110.668,544465.15282733
2023-05-22,110.864,112.681,109.834,111.551,418919.69595589
2023-05-23,110.962,111.994,108.508,108.999,609716.56949025
2023-05-24,108.017,108.213,103.206,103.795,1130014.0029224
2023-05-25,104.138,105.709,102.616,103.402,513696.42394628
2023-05-26,105.267,107.526,104.482,107.329,410767.724198
2023-05-29,108.017,108.557,106.691,107.624,200463.14660442
2023-05-30,107.231,108.017,104.629,104.923,447009.11969078
2023-05-31,103.991,105.169,102.715,102.715,1324890.4265957
2023-06-01,104.678,106.986,104.432,106.592,535763.26667229
2023-06-02,108.655,112.387,108.655,112.338,932698.60706175
2023-06-05,112.142,113.123,110.177,111.208,543071.01799454
2023-06-06,111.503,112.485,108.999,111.503,502591.20820365
2023-06-07,110.521,112.338,109.98,111.749,671859.95144922
2023-06-09,112.927,112.927,110.962,112.092,920998.66908219
2023-06-12,111.749,112.288,108.802,108.9,895850.2690121
2023-06-13,111.06,113.074,110.717,112.24,878723.49062058
2023-06-14,111.945,117.542,111.503,116.806,1520422.6741056
2023-06-15,116.069,118.671,115.332,118.573,777042.28186586
2023-06-16,118.818,120.341,117.345,118.524,1286856.7175122
2023-06-19,117.149,118.818,115.038,115.038,406354.1519808
2023-06-20,114.841,115.873,112.534,112.583,678793.9646534
2023-06-21,112.927,114.203,111.994,113.32,435472.11931038
2023-06-22,112.927,114.645,111.945,114.4,474436.6094291
2023-06-23,113.025,113.172,109.882,110.423,644760.37362922
2023-06-26,110.275,111.896,109.686,111.11,277379.87700708
2023-06-27,112.387,112.485,108.263,109.932,438945.74525244
2023-06-28,110.079,111.257,107.329,108.704,490894.32530408
2023-06-29,108.655,109.391,107.919,108.508,378927.68060249
2023-06-30,109.195,110.816,108.311,110.373,323152.10369062
2023-07-03,111.159,113.172,110.816,112.976,553501.06106066
2023-07-04,112.976,113.418,111.749,113.074,200872.52732231
2023-07-05,112.24,112.24,109.489,109.932,439352.07089034
2023-07-06,108.999,109.343,106.888,106.888,507266.4989395
2023-07-07,107.035,110.373,106.986,110.128,409077.24660674
2023-07-10,108.999,110.57,107.575,110.03,358337.45986886
2023-07-11,111.11,113.27,111.11,111.699,421302.65834358
2023-07-12,112.829,117.542,112.142,117.542,994881.70506052
2023-07-13,117.836,120.88,117.395,120.782,959436.66708362
2023-07-14,120.487,120.733,117.935,118.868,575525.13266688
2023-07-17,116.364,117.493,114.891,116.069,414594.72105823
2023-07-18,116.265,117.1,113.663,114.891,433952.72619823
2023-07-19,115.823,116.069,113.713,114.498,413236.22882525
2023-07-20,114.891,117.345,114.596,115.48,355377.08736415
2023-07-21,115.873,116.216,113.565,114.203,334341.84331282
2023-07-24,114.056,114.891,113.222,114.891,453389.14505783
2023-07-25,116.61,120.782,116.61,120.782,1104687.8286714
2023-07-26,120.485,120.931,118.06,118.654,546132.42340803
2023-07-27,118.802,120.782,117.812,118.901,582582.19357071
2023-07-28,118.802,119.495,117.416,119.198,312691.67541521
2023-07-31,119.198,124.05,119.198,122.812,957321.10285927
2023-08-01,122.812,123.851,120.634,120.931,450322.23388823
2023-08-02,119.05,119.495,116.971,116.971,418109.75203215
2023-08-03,116.822,117.614,115.238,117.317,449256.59880754
2023-08-04,117.664,118.604,116.674,118.357,282123.60484952
2023-08-07,117.812,118.208,115.882,116.575,266108.77621988
2023-08-08,115.486,115.634,113.06,113.902,600518.19558753
2023-08-09,115.783,116.476,113.902,114.496,373210.65727237
2023-08-10,115.189,116.575,114.595,115.09,313492.66936685
2023-08-11,114.842,114.842,112.07,112.813,430651.9234036
2023-08-14,112.813,113.258,110.684,111.377,372916.72380461
2023-08-16,109.892,110.288,107.021,108.011,878869.14922723
2023-08-17,108.16,109.397,105.784,106.675,666208.79034811
2023-08-18,105.437,106.13,104.249,105.239,492072.90727692
2023-08-21,105.635,107.467,104.794,106.774,415187.58872559
2023-08-22,108.259,109.447,107.566,108.605,636800.29236311
2023-08-23,109.744,111.13,107.219,111.13,583725.60486108
2023-08-24,111.377,111.773,108.011,108.754,391057.77219241
2023-08-25,107.912,110.684,107.368,109.348,525352.03429433
2023-08-28,109.744,112.417,109.694,112.268,335758.88710964
2023-08-29,112.565,115.189,111.823,114.793,611232.12099117
2023-08-30,115.189,115.288,113.555,114.644,346674.82864232
2023-08-31,113.951,114.446,112.021,112.961,765321.94357772
2023-09-01,113.308,117.466,113.06,116.723,692923.40325236
2023-09-04,117.317,117.614,115.04,115.337,244795.06452551
2023-09-05,114.347,116.129,113.506,113.605,333671.05041601
2023-09-06,113.407,114.397,110.734,111.872,505109.00808387
2023-09-07,110.783,111.625,107.318,108.16,638665.9113148
2023-09-08,108.902,109.694,107.516,109.199,395695.05243452
2023-09-11,111.179,112.021,110.041,110.783,350618.18348118
2023-09-12,111.229,111.971,110.387,111.476,607323.10889424
2023-09-13,111.427,111.724,109.595,110.239,600260.625023
2023-09-14,111.773,115.783,110.882,115.139,794130.45365947
2023-09-15,115.436,116.575,114.892,115.634,1120002.6714139
2023-09-18,115.337,115.585,111.179,111.377,318568.32460898
2023-09-19,111.377,112.714,110.288,110.486,383501.35888566
2023-09-20,111.179,114.05,110.932,114.001,429813.55646808
2023-09-21,112.268,112.565,109.694,110.585,533587.22179464
2023-09-22,110.684,111.575,110.239,110.338,311201.80646354
2023-09-25,109.892,109.942,107.12,107.12,501210.0967934
2023-09-26,106.922,108.902,105.487,108.259,569474.37703795
2023-09-27,108.655,109.546,107.021,107.467,273058.13105885
2023-09-28,107.516,110.734,107.516,110.288,340801.20969048
2023-09-29,111.377,111.971,110.486,110.833,330309.50202879
2023-10-02,110.387,111.625,107.615,107.714,448619.23792042
2023-10-03,107.467,108.308,105.437,106.18,511785.64114865
2023-10-04,105.437,108.11,104.942,105.685,463488.63509841
2023-10-05,106.724,106.724,103.952,103.952,468823.88106635
2023-10-06,104.2,106.576,103.21,106.328,488098.23993806
2023-10-09,107.912,108.308,105.437,106.823,311138.17138289
2023-10-10,108.061,109.793,106.477,108.952,571325.8548606
2023-10-11,109.397,110.833,108.16,109.694,691010.31051035
2023-10-12,110.387,111.278,107.912,108.605,405754.44558007
2023-10-13,108.358,109.496,107.615,108.061,347479.86291654
2023-10-16,109.397,113.159,108.952,111.377,832652.9093061
2023-10-17,111.08,113.357,109.199,110.783,746868.78027056
2023-10-18,111.724,113.159,111.229,112.169,678945.90728408
2023-10-19,111.575,112.169,108.605,109.1,565758.29034426
2023-10-20,108.11,108.704,106.576,106.873,547362.70163388
2023-10-23,106.229,106.625,104.546,104.546,720947.08067279
2023-10-24,106.031,107.467,105.041,106.328,672053.11696124
2023-10-25,106.922,110.041,106.427,109.694,891327.48390513
2023-10-26,107.813,110.783,107.021,110.783,626375.250024
2023-10-27,111.773,112.07,109.397,110.239,546804.12703708
2023-10-30,111.377,112.367,110.338,110.486,376329.78630474
2023-10-31,110.536,112.07,109.892,111.13,779404.4879331
2023-11-02,112.169,113.308,111.377,112.07,600903.03631335
2023-11-03,113.06,113.159,111.773,112.664,336831.59275484
2023-11-06,113.357,113.704,111.575,112.367,415738.08267722
2023-11-07,111.476,111.575,107.665,107.912,735761.93349594
2023-11-08,107.962,109.447,106.427,106.427,448192.98388814
2023-11-09,106.477,108.853,106.031,108.407,371481.39920778
2023-11-10,107.615,108.209,104.2,104.843,987426.55648945
2023-11-13,105.932,106.625,105.041,105.041,437359.86896837
2023-11-14,105.982,111.278,105.932,111.278,779625.69559439
2023-11-15,111.08,114.347,110.041,113.357,1229188.3488374
2023-11-16,111.08,114.199,110.635,113.803,768794.60083591
2023-11-17,113.011,114.743,112.466,114.595,519558.21171346
2023-11-20,114.793,118.159,114.446,117.812,630985.2580887
2023-11-21,118.753,118.802,116.377,117.466,574228.82663491
2023-11-22,116.822,117.812,115.139,116.179,422685.41735491
2023-11-23,116.921,117.713,114.545,114.842,199210.12500763
2023-11-24,114.842,116.476,113.852,115.139,228757.00404102
2023-11-27,115.09,115.733,113.654,113.803,284069.02017218
2023-11-28,113.456,116.228,112.763,116.228,362076.53832033
2023-11-29,116.278,118.06,114.446,116.08,472791.4778407
2023-11-30,116.08,116.179,113.852,114.149,1202124.2480299
2023-12-01,114.496,120.188,114.446,120.188,948245.52826215
2023-12-04,118.852,120.881,117.713,119,476133.83469567
2023-12-05,118.307,120.584,117.416,117.614,679099.43954215
2023-12-06,118.802,119.792,117.416,118.208,350122.23388439
2023-12-07,117.713,117.812,115.337,116.08,402330.27219284
2023-12-08,117.218,118.208,115.981,116.773,608650.35486204
2023-12-11,116.624,117.763,115.981,117.268,538832.57058517
2023-12-12,117.317,118.307,114.001,114.496,564088.62703775
2023-12-13,114.298,115.436,113.456,114.446,597231.39316805
2023-12-14,116.723,120.881,116.723,120.287,1164155.3165769
2023-12-15,120.485,124.05,120.287,122.069,2050498.0524979
2023-12-18,121.376,123.653,121.277,122.96,487008.36292189
2023-12-19,122.317,125.733,122.168,124.842,479229.7318732
2023-12-20,125.733,127.119,122.564,122.713,505339.30647098
2023-12-21,122.713,123.307,121.673,122.663,357928.13711049
2023-12-22,123.208,124.396,122.564,122.564,190481.00807182
2023-12-27,123.752,125.188,123.455,124.347,544505.18348861
2023-12-28,124.495,125.436,123.356,123.455,424288.41533884
2023-12-29,123.752,124,121.475,121.475,479342.86090547
2024-01-02,121.871,122.614,117.812,118.951,475373.24396983
2024-01-03,118.703,118.951,114.644,116.03,649641.44760554
2024-01-04,116.822,117.317,114.05,115.09,715492.64518871
2024-01-05,114.842,115.535,112.516,114.694,501019.19155146
2024-01-08,114.842,114.842,112.169,113.803,420830.90929032
2024-01-09,114.743,115.436,113.06,113.357,302840.35888257
2024-01-10,113.308,113.654,110.981,111.328,488067.9375187
2024-01-11,112.961,113.11,109.496,109.744,735350.83067334
2024-01-12,110.882,111.724,109.595,109.942,411632.10485448
2024-01-15,110.783,111.08,107.714,108.061,657039.27825099
2024-01-16,107.912,109.942,107.269,109.199,515462.33469717
2024-01-17,107.813,107.912,104.744,104.843,1088825.5222191
2024-01-18,106.922,106.922,104.744,104.942,548556.61695651
2024-01-19,106.427,107.219,105.437,106.031,406417.05848332
2024-01-22,106.972,107.417,104.348,104.695,529464.07260094
2024-01-23,106.031,107.615,104.645,107.021,572098.56655418
2024-01-24,109.199,113.258,109.1,111.872,1025874.2661683
2024-01-25,111.872,112.466,109.991,110.734,552616.13106957
2024-01-26,110.14,113.06,109.397,112.219,421183.4274355
2024-01-29,112.219,112.813,111.278,112.417,306232.20968916
2024-01-30,112.565,112.664,109.942,109.942,507357.44760009
2024-01-31,110.09,111.674,109.397,111.328,416672.40727403
2024-02-01,109.397,111.575,109.397,110.734,561328.07663442
2024-02-02,110.833,112.12,109.694,109.942,578802.47179638
2024-02-05,110.882,110.932,108.11,108.16,613522.98389448
2024-02-06,109.15,110.734,108.16,110.09,308946.29638281
2024-02-07,110.387,110.833,109.199,109.744,303637.31251164
2024-02-08,109.892,110.239,108.308,108.655,412292.69759645
2024-02-09,108.011,108.754,106.922,107.12,443634.48993636
2024-02-12,107.912,110.486,107.467,110.041,359603.86090088
2024-02-13,110.684,110.734,108.11,108.209,605017.09478125
2024-02-14,108.209,109.249,107.17,109.001,344074.88106157
2024-02-15,109.447,109.694,108.11,109.298,362080.57864291
2024-02-16,110.338,112.565,110.338,112.318,1048799.0564918
2024-02-19,112.07,112.367,110.882,110.882,342019.36694859
2024-02-20,110.684,112.12,109.546,110.635,629989.31857253
2024-02-21,112.169,112.219,109.397,110.288,718409.75809205
2024-02-22,111.724,112.07,110.041,110.387,537342.7016335
2024-02-23,110.585,111.08,108.902,110.239,663061.37905767
2024-02-26,109.793,109.892,108.506,108.902,465027.99800169
2024-02-27,109.447,110.981,109.348,110.189,430491.32058101
2024-02-28,109.694,109.843,106.922,106.972,719478.42341467
2024-02-29,107.516,108.16,106.378,106.724,1452087.8952169
2024-03-01,107.714,108.308,106.526,108.011,385480.10686961
2024-03-04,108.853,109.298,106.328,106.427,451179.792356
2024-03-05,106.13,106.724,105.091,105.091,613580.55849126
2024-03-06,105.289,107.615,105.19,107.12,297211.17944687
2024-03-07,107.12,110.189,106.526,109.348,690124.46978451
2024-03-08,109.793,110.041,107.912,108.704,564213.87703775
2024-03-11,108.11,109.892,107.368,109.892,318009.75001219
2024-03-12,110.288,111.674,109.496,111.674,1104102.9919778
2024-03-13,111.773,114.793,111.427,114.793,1676970.229903
2024-03-14,114.793,117.416,114.1,114.842,1547146.5847367
2024-03-15,116.822,118.307,116.179,117.268,2853486.9134158
2024-03-18,117.416,118.01,114.842,116.773,700827.28430105
2024-03-19,115.832,116.575,113.605,115.09,833035.72987063
2024-03-20,115.04,115.04,112.763,112.862,469740.02421155
2024-03-21,115.832,116.822,114.793,116.327,788665.91736893
2024-03-22,114.496,118.159,114.1,115.882,762605.83672277
2024-03-25,112.961,113.159,108.407,108.605,1518323.9335259
2024-03-26,108.803,110.189,107.962,109.546,785119.52422364
2024-03-27,109.595,109.793,107.615,108.556,582580.17340942
2024-03-28,108.902,113.06,108.902,113.011,847415.2379357
2024-04-02,113.258,117.961,113.11,117.268,1406329.2218281
2024-04-03,117.466,120.782,116.278,120.188,1335925.590777
2024-04-04,121.376,126.723,121.376,126.723,2253479.8186347
2024-04-05,125.535,127.119,123.901,126.97,1565992.6694149
2024-04-08,126.723,131.227,126.327,128.01,1159843.2823025
2024-04-09,129.495,141.127,128.406,139.197,2730245.9638143
2024-04-10,140.682,143.553,137.514,140.929,1679870.1714353
2024-04-11,140.187,142.117,138.157,139.741,948046.54237504
2024-04-12,141.82,145.285,141.771,143.058,1026071.2318942
2024-04-15,143.751,146.077,141.573,142.761,589643.66736131
2024-04-16,139.593,139.741,134.049,136.177,934552.87503582
2024-04-17,136.623,141.969,135.633,140.979,840720.42341932
2024-04-18,143.553,145.731,140.434,142.167,714057.32059188
2024-04-19,141.573,142.761,139.593,140.979,452818.14316251
2024-04-22,141.573,142.068,137.86,138.256,586313.43147408
2024-04-23,136.474,136.524,130.732,131.326,1414501.7843284
2024-04-24,133.158,135.633,130.782,131.574,824358.12704772
2024-04-25,132.861,137.811,132.663,136.573,943388.05043938
2024-04-26,139.642,141.325,138.157,138.306,976508.59479549
2024-04-29,138.9,142.365,138.108,142.365,800768.70365972
2024-04-30,142.414,142.513,138.306,139.246,1535403.3871556
2024-05-02,139.345,139.989,137.068,138.553,509123.0685679
2024-05-06,140.335,142.959,140.286,142.761,609767.50405563
2024-05-07,142.563,144.493,139.246,142.365,429656.99396808
2024-05-08,143.553,148.206,143.058,145.533,1007792.8125386
2024-05-09,146.523,147.909,143.949,147.711,408859.43348341
2024-05-10,148.998,152.859,147.513,148.503,918085.53027712
2024-05-13,148.503,151.325,147.859,150.681,456928.16130783
2024-05-14,152.463,153.948,150.335,152.909,572920.77219938
2024-05-15,155.136,157.413,150.384,151.473,880455.98592084
2024-05-16,154.146,156.918,152.166,155.582,982100.40124731
2024-05-17,155.384,163.353,153.453,162.71,1124058.1452044
2024-05-20,168.303,169.838,165.729,168.303,992184.03632835
2024-05-21,166.323,168.996,165.432,167.957,735340.72986689
2024-05-22,166.323,167.264,158.106,159.393,1052069.697621
2024-05-23,157.413,158.057,152.364,155.483,1127209.5968174
2024-05-24,153.453,156.869,153.057,156.473,434997.29033925
2024-05-27,155.928,157.562,155.136,157.215,246420.28428364
2024-05-28,157.908,158.799,153.602,155.681,652752.49599276
2024-05-29,155.681,155.978,150.236,150.236,799264.69357902
2024-05-31,146.82,151.622,146.523,150.186,1874114.7399912
2024-06-03,151.473,153.948,151.127,152.612,344683.95969063
2024-06-04,153.453,153.602,146.325,146.77,616917.864943
2024-06-05,146.77,147.364,140.632,142.315,841233.54438708
2024-06-06,142.761,145.681,142.761,145.186,457074.62300139
2024-06-07,145.236,145.335,140.187,141.771,675004.57260651
2024-06-10,140.385,143.008,138.999,142.81,411990.68348353
2024-06-11,142.81,143.157,138.702,140.731,550748.49195659
2024-06-12,142.563,145.087,140.979,142.959,508645.30042272
2024-06-13,141.573,143.751,140.929,141.523,416962.30041921
2024-06-14,141.276,142.068,137.712,140.038,400881.81654762
2024-06-17,138.603,140.088,136.92,139.692,464756.28630813
2024-06-18,140.731,141.424,137.563,139.444,480306.47784099
2024-06-19,141.127,142.315,139.89,140.434,643629.44760531
2024-06-20,140.88,143.454,140.236,142.612,462847.23388871
2024-06-21,142.216,143.454,140.088,140.682,1673680.3972416
2024-06-24,141.721,150.978,140.682,150.434,734515.49397976
2024-06-25,150.285,151.869,148.206,149.444,582726.63510298
2024-06-26,150.087,153.008,148.602,148.8,625114.6693788
2024-06-27,150.4,150.65,147.6,148,323220
2024-06-28,150,151.9,148.25,150.35,385806
2024-07-01,150.55,151,147.7,147.9,358461
2024-07-02,147.75,148,144.7,146.7,429436
2024-07-03,150,152.9,149.55,152.45,456630
2024-07-04,152.9,153.2,151.05,151.95,223347
2024-07-05,153.3,156.25,152,152.3,496511
2024-07-08,150.95,154.9,150.5,153.35,439819
2024-07-09,154.25,155.2,153,154.65,445837
2024-07-10,154.25,154.4,150.75,153.35,421616
2024-07-11,152.85,156.6,152.25,154.5,393582
2024-07-12,153.95,156.7,152.6,156,290817
2024-07-15,155.25,155.8,151.65,153.35,360744
2024-07-16,152.7,152.7,144.75,145.75,821066
2024-07-17,145.75,148.25,144.4,145.3,556625
2024-07-18,146.25,146.7,141.75,142.25,742761
2024-07-19,139,139.75,133.1,137.4,1101513
2024-07-22,137.15,137.4,133,133.75,852039
2024-07-23,132.7,132.7,129.3,130.5,1234124
2024-07-24,130.3,133,129.2,130.65,958813
2024-07-25,127,131.85,126.3,131.5,1116035
2024-07-26,132.45,132.85,130.35,131.3,694466
2024-07-29,132.85,134.1,130.6,131.85,720845
2024-07-30,133,133,129.9,130.15,506009
2024-07-31,133.7,136.3,132.95,136.1,1378896
2024-08-01,137,137,132.2,132.2,439151
2024-08-02,130.5,132.9,129.7,130.5,720805
2024-08-05,122,126.75,121.05,124.1,1781743
2024-08-06,126,127,123,124,1048977
2024-08-07,125,125,122.85,124.1,475604
2024-08-08,123.15,124.1,120.4,123.9,405157
2024-08-09,125.95,126.8,122.4,122.95,475733
2024-08-12,124.45,126.75,124.2,126.7,401844
2024-08-13,126.1,126.4,124.1,124.85,529954
2024-08-14,129.5,129.5,124.5,125.3,1286919
2024-08-16,129,136.8,128.55,136.8,1551458
2024-08-19,136.9,139.4,135.7,138.95,554192
2024-08-20,139.6,140.55,137.5,138.2,519015
2024-08-21,138.55,141.5,138.3,139.85,549175
2024-08-22,140,140.5,135.55,136.9,434969
2024-08-23,137.5,139.9,137.1,138.65,400497
2024-08-26,141,142.8,139.35,140,432093
2024-08-27,140.25,142.45,139.25,142.1,454278
2024-08-28,140,140.3,136.55,136.85,654481
2024-08-29,137.75,138.95,134.8,136.9,481922
2024-08-30,138.2,139.4,137.55,138.8,825937
2024-09-02,136.5,139.2,135.4,138.95,334959
2024-09-03,137.6,137.8,131.15,131.4,844147
2024-09-04,132,135.8,131.1,134.6,745197
2024-09-05,134,134.8,132.85,134.15,541119
2024-09-06,134.5,134.75,131.55,131.7,724899
2024-09-09,132,134.35,131.3,133.4,341142
2024-09-10,133.4,133.75,130.75,131.5,678575
2024-09-11,132.8,134.5,130.9,131.7,506801
2024-09-12,134.3,136.5,133.85,135,689514
2024-09-13,136,138,134.5,138,442910
2024-09-16,138.5,139.35,135.85,138.6,459418
2024-09-17,139,142.65,139,141,795086
2024-09-18,140.2,141.35,139.55,140.75,512885
2024-09-19,142.8,148.3,142.75,146.15,1085680
2024-09-20,146.95,148,145.05,146.85,2137442
2024-09-23,147,149.85,145.2,149.85,457677
2024-09-24,156.1,159.4,156,157.15,1415752
2024-09-25,157.15,157.85,154.7,156.05,618375
2024-09-26,158.2,165,158.2,163.7,1172255
2024-09-27,163,164.4,160.3,163.55,927401
2024-09-30,164.3,166.8,158.25,159.35,1000143
2024-10-01,160.5,163.25,154,162.05,950959
2024-10-02,161,163.35,159.85,163.35,511174
2024-10-03,162.3,163,158.55,158.85,514352
2024-10-04,158.85,161,157.95,161,362312
2024-10-07,161,161.6,158.6,161.6,277379
2024-10-08,156.2,157.35,154.05,154.9,416144
2024-10-09,155,156.45,153.45,155,399555
2024-10-10,155.7,156,153.15,155.45,326798
2024-10-11,155.45,158.95,155,158.95,434665
2024-10-14,158.75,158.75,155.55,156.2,387252
2024-10-15,154.65,155.5,151.75,153.75,469778
2024-10-16,154,158.9,153.65,157.7,537460
2024-10-17,155.9,156.65,153,153.9,362231
2024-10-18,156.25,158.55,156.05,157.7,308483
2024-10-21,160,162.4,159.05,159.55,545134
2024-10-22,159.55,161.95,158.2,160.1,435614
2024-10-23,159.3,159.7,153,154.7,649699
2024-10-24,155.2,157.45,154.1,154.75,356881
2024-10-25,154.45,156.85,152.8,155.25,430610
2024-10-28,155.45,155.5,152.55,154.7,326496
2024-10-29,154,157.15,152.9,154.65,499327
2024-10-30,155,156.3,149.85,152.2,547498
2024-10-31,150.1,152.85,148.65,149.45,1270522
2024-11-04,153.15,153.3,150.15,152.2,440148
2024-11-05,153,153.6,147.85,149.8,540876
2024-11-06,149.1,151.9,145.1,145.6,684373
2024-11-07,148.5,151.45,147.3,151.45,461663
2024-11-08,151,151.45,145.8,146.65,431869
2024-11-12,140.25,140.9,133.05,133.15,1838667
2024-11-13,134,134.9,131.65,133.95,820874
2024-11-14,132,133.8,126.55,130.65,1293446
2024-11-15,130.9,132.3,129.35,130.2,1232535
2024-11-18,130,130.95,127.55,130.5,633048
2024-11-19,131,131.65,125,126.75,570049
2024-11-20,128,130.1,127.65,129.8,560641
2024-11-21,131.3,131.8,128.5,130.3,496643
2024-11-22,130.45,131.5,128.1,130.5,411039
2024-11-25,132.05,133,129.55,129.95,1076578
2024-11-26,128.85,130.5,127.7,130,451925
2024-11-27,130,130.4,126.9,127.75,489952
2024-11-28,127.6,128.4,126,127.35,311255
2024-11-29,127.3,127.8,126.2,127.25,459959
2024-12-02,126.5,130.05,125.95,130.05,478339
2024-12-03,131.6,132.65,128.6,130.45,640963
2024-12-04,130.95,130.95,128.65,130.05,352436
2024-12-05,130.5,131.7,129.75,130.4,342777
2024-12-06,131,131.75,128.65,128.65,273187
2024-12-09,131,134.55,129.5,133.4,671489
2024-12-10,132.6,132.8,130.05,130.65,508287
2024-12-11,130,131.4,128.7,130.55,473580
2024-12-12,131.85,132.9,127.2,127.2,489695
2024-12-13,127.2,128.7,126.1,127,576182
2024-12-16,127,127.3,123.9,124.75,495650
2024-12-17,124,124.35,121.1,121.85,606771
2024-12-18,121.75,122.6,120.5,121.05,659175
2024-12-19,117.55,119.15,115.5,117.4,734568
2024-12-20,117.1,117.2,114.7,116.45,1165722
2024-12-23,117,118.9,116.5,117.3,662915
2024-12-27,117.3,117.8,116.3,117.35,326364
2024-12-30,117.4,117.4,115,115,401169
2025-01-02,116.15,117.7,116,117.55,385725
2025-01-03,117.95,117.95,115.6,116.95,420144
2025-01-07,119.95,121,118.15,119.3,597660
2025-01-08,119.5,119.65,117.4,119.65,572464
2025-01-09,120,123.45,119.5,122.3,630904
2025-01-10,123.05,124,120.9,121.6,505110
2025-01-13,121.3,122.85,120.1,121.15,269569
2025-01-14,122.3,123.6,120.25,120.9,385905
2025-01-15,121,123.75,120.05,123.6,309296
2025-01-16,124.85,125.6,123.35,124.25,377240
2025-01-17,125.05,126.7,124.15,126.4,435226
2025-01-20,126.4,127.8,125.05,126.8,274278
2025-01-21,126.5,126.55,124,125,266524
2025-01-22,124.2,125,123.1,123.5,458656
2025-01-23,123,123.3,121.4,123.2,328553
2025-01-24,124.65,128.35,124.45,127.35,581630
2025-01-27,124.6,124.8,122.75,123.3,484805
2025-01-28,123.35,123.8,121.4,121.4,422193
2025-01-29,121.4,124.7,120.3,124.35,328299
2025-01-30,124.35,127.8,124.1,127.8,460093
2025-01-31,127.5,127.65,125.15,125.75,343161
2025-02-03,122,123.75,121,122.95,565600
2025-02-04,123.5,124.75,122.7,124.45,610022
2025-02-05,124.5,126.05,122.65,123,596807
2025-02-06,128,129.35,127,128.85,1402658
2025-02-07,129.5,132.9,128.05,132.3,739991
2025-02-10,132.5,144.45,131,140,1865219
2025-02-11,139.5,139.8,135.3,136,929870
2025-02-12,137.5,138.05,131.8,134.8,847871
2025-02-13,137.35,138.4,134.7,136.35,602779
2025-02-14,138,141.35,136.3,136.8,978396
2025-02-17,136.8,139.3,135.9,138.9,392775
2025-02-18,139.55,140.9,139,139.3,474682
2025-02-19,140,140.65,135.6,137.2,782214
2025-02-20,137,140.6,136.6,139.05,821315
2025-02-21,138.4,140.2,137.75,137.75,1370709
2025-02-24,137.6,138.05,133.65,134.25,462975
2025-02-25,133,136.05,132.15,133,580090
2025-02-26,137.5,138.3,135.5,136.2,741446
2025-02-27,135.75,136,131.95,132.15,628608
2025-02-28,130.2,130.65,128.25,129.45,1096607
2025-03-03,129.45,133.75,129.2,131.7,641821
2025-03-04,130.2,130.7,127.35,127.35,719226
2025-03-05,132.3,133.3,131.15,132.75,1332455
2025-03-06,133.5,134,131.4,133.1,1410338
2025-03-07,132.25,133.5,129.5,131.65,527922
2025-03-10,131.3,131.6,127.5,128,763016
2025-03-11,128.1,129.75,127.5,128.25,740526
2025-03-12,130.45,131,128.4,129.15,1628083
2025-03-13,129.05,133.4,128,132.6,1197127
2025-03-14,134.1,137.9,133.55,137.15,1289245
2025-03-17,138,138.8,136.1,138.8,875851
2025-03-18,139,141.8,137.8,139,1084748
2025-03-19,138.5,139.5,136.6,138.9,747451
2025-03-20,140,141,134.7,138.2,838725
2025-03-21,137,138,134.7,135.2,1049982
2025-03-24,138.8,140.1,137.4,139.65,940448
2025-03-25,139.8,142,138.05,140.75,810304
2025-03-26,140.75,141.95,135.4,136.3,986186
2025-03-27,138.8,138.9,134.5,136.2,996989
2025-03-28,134.5,135.35,129.85,129.85,1410187
2025-03-31,128.95,128.95,123.8,125.45,1435224
2025-04-01,126.75,129.8,126.3,128.25,1126840
2025-04-02,128.25,129.1,126.8,127.8,624645
2025-04-03,124,125.7,118.25,120.65,1555961
2025-04-04,119.8,119.8,108.95,109.2,2653617
2025-04-07,102,110.1,100,107.95,2324382
2025-04-08,111,111.45,107.55,108.6,1692227
2025-04-09,105.95,108.9,104.6,106.5,1059734
2025-04-10,117.5,118,110,111.4,1650940
2025-04-11,112.3,114.05,110.9,111.7,1298335
2025-04-14,114.1,115.5,113.25,115.2,649187
2025-04-15,115.2,116.8,112.15,114.15,608480
2025-04-16,112,114.7,111.7,114,515370
2025-04-17,114,115.35,113.8,114.15,449271
2025-04-22,114.5,116.95,114.5,116.95,791114
2025-04-23,121.4,124.5,119.05,123.65,1242858
2025-04-24,123,125.6,122.1,125.6,735342
2025-04-25,125.6,126.9,123.65,125.75,753619
2025-04-28,125.75,126.9,124.5,125.25,667445
2025-04-29,125.3,126.5,123.75,124.5,549465
2025-04-30,124.1,124.3,118.7,119.55,1204340
2025-05-02,122.9,123.9,121.7,123.05,715018
2025-05-05,123.2,123.85,122.3,122.85,421414
2025-05-06,122.95,123.8,120.1,123.45,649835
2025-05-07,123.5,127.2,122.95,124,856032
2025-05-08,123.85,124.6,122.4,124,528561
2025-05-09,124.2,126.7,123.65,126.25,720530
2025-05-12,126.9,132.3,126.85,129.7,1414377
2025-05-13,130.5,131.25,128.5,129.45,644931
2025-05-14,130.9,130.9,126.5,127.15,700858
2025-05-15,127.3,127.5,122.9,123.75,953236
2025-05-16,124,125.35,122,123.4,982822
2025-05-19,122.9,124.7,121.95,124.15,517814
2025-05-20,124.2,124.7,122.25,123.6,328080
2025-05-21,124,124.2,121.9,122.35,411487
2025-05-22,122.35,126.6,120.85,122.1,912415
2025-05-23,124,127.3,121.1,123.6,973528
2025-05-26,126.9,127.6,125.55,127.3,618002
2025-05-27,127,127.3,124.5,125.85,592270
2025-05-28,125.6,126.1,124.3,124.65,500074
2025-05-29,125.5,125.9,122.9,123.45,520883
2025-05-30,123,123,121.1,122.9,1372428
2025-06-02,117.75,125.4,117,125.4,706630
2025-06-03,124.6,124.75,121.2,122.55,543559
2025-06-04,123.3,126.7,123.3,126.25,723870
2025-06-05,127,131.2,125.9,131.2,1633066
2025-06-06,131.1,131.15,127,128.15,774584
2025-06-09,128.2,129.8,127.95,129.35,428810
2025-06-10,128.3,130.9,128.3,129.6,702927
2025-06-11,129.6,130,127.85,128.3,756699
2025-06-12,127.8,128.15,124.75,126.1,520442
2025-06-13,125,125.65,123.4,123.85,509723
2025-06-16,124.35,126.75,123.95,125.15,484033
2025-06-17,125,125.15,123.1,123.45,465469
2025-06-18,123.8,124.8,122.35,122.65,512129
2025-06-20,122.65,122.85,121.5,121.75,1149805
2025-06-23,122,122.7,119.5,120.5,554710
2025-06-24,123,125.3,123,124.8,541089
2025-06-25,125.25,125.7,123.65,123.8,348818
2025-06-26,124.65,130,124.6,130,1083298
2025-06-27,130,131.75,127,129,681046
2025-06-30,130.1,131,128.3,128.9,458871
2025-07-01,128.2,130.65,128.2,129.35,833224
2025-07-02,129.45,136,129.45,136,1512926
2025-07-03,136,137.75,134.6,134.9,981604
2025-07-04,134.05,134.05,130.1,132.45,842609
2025-07-07,130.95,132.1,130.15,131.4,420706
2025-07-08,131.4,133.3,131.4,132.3,657905
2025-07-09,134.5,134.95,128.8,130,1798803
2025-07-10,131.5,134.2,130.15,130.9,853826
2025-07-11,132.1,132.95,129.7,132.75,461545
2025-07-14,133,135.2,131.9,132.8,729981
2025-07-15,134,134.85,130.65,131.4,410187
2025-07-16,131.2,132.3,130,130.6,347275
2025-07-17,130.6,131.2,129.15,130.45,314663
2025-07-18,131.2,133.4,131.15,131.8,633862
2025-07-21,133,134.9,132.2,134,689299
2025-07-22,134,135.6,133.05,135.15,551230
2025-07-23,136,138.6,135.6,137.75,1021126
2025-07-24,139,140.1,136.65,137.8,853460
2025-07-25,136.9,137.45,135.35,135.9,336230
2025-07-28,136.75,137.25,131.9,131.95,572329
2025-07-29,132,133.8,131.55,132.9,599797
2025-07-30,132.55,134,131.5,133.35,324391
2025-07-31,130.6,130.95,127.4,127.8,1464222
2025-08-01,127.95,128.5,126.15,126.5,1088436
2025-08-04,127.5,127.8,125.55,126.8,386224
2025-08-05,127.8,128.2,125.9,126.55,458795
2025-08-06,127.1,128.2,126.45,128,424318
2025-08-07,128.2,133.6,127.7,133.15,1323072
2025-08-08,133,135.25,131.95,135.25,504451
2025-08-11,135.5,136.25,133.5,133.95,423383
2025-08-12,133.95,136.3,133.95,135.95,543211
2025-08-13,135.95,136.75,134.4,136.75,534530
2025-08-14,134.6,136,130.8,131.55,810825
2025-08-18,132.05,132.65,130.4,131.5,334631
2025-08-19,131.8,134.85,131.7,132.6,384142
2025-08-20,131.3,133.05,130.6,131.55,496030
2025-08-21,131.5,132.1,129.4,130.9,468992
2025-08-22,130.3,132.85,129.8,131.35,586286
2025-08-25,132.6,133,130.85,131.85,370312
2025-08-26,131.85,132.8,130.1,131.75,793635
2025-08-27,131.7,132.9,127.9,128,682233
2025-08-28,129,130.3,128,128,544111
2025-08-29,128.9,129.6,127.25,128,658355
2025-09-01,129,130.9,128.95,129.4,775723
2025-09-02,129.5,131.2,127.7,130.75,522046
2025-09-03,131.05,134.95,130.65,133.85,1093197
2025-09-04,133.05,133.2,131.1,131.1,591242
2025-09-05,132,134.6,131.8,132.5,1126721
2025-09-08,133.05,133.8,132.1,133.55,559943
2025-09-09,133.65,136.6,133.55,134.25,1212048
2025-09-10,133.2,134.4,130.35,133.5,1027938
2025-09-11,133.65,134.35,132.55,133.85,419241
2025-09-12,135,140.6,135,139.15,2133386
2025-09-15,139.15,141.85,139.05,141,1158569
2025-09-16,141.4,142.25,138.7,139.35,1044645
2025-09-17,138.1,138.65,135.25,135.25,905204
2025-09-18,135,136.5,134,134.45,676546
2025-09-19,135,136.5,134.65,135.55,881584
2025-09-22,137,140.8,136.3,140.2,820563
2025-09-23,140.3,142.35,139.95,142.2,834218
2025-09-24,141.4,152.8,140.85,152.4,2569339
2025-09-25,152,154.55,149.2,151.6,1088169
2025-09-26,152.85,153,148.25,152,889713
2025-09-29,155,160,154.1,160,1324609
